"INCIDENT_KEY","OCCUR_DATE","OCCUR_TIME","BORO","LOC_OF_OCCUR_DESC","PRECINCT","JURISDICTION_CODE","LOC_CLASSFCTN_DESC","LOCATION_DESC","STATISTICAL_MURDER_FLAG","PERP_AGE_GROUP","PERP_SEX","PERP_RACE","VIC_AGE_GROUP","VIC_SEX","VIC_RACE","X_COORD_CD","Y_COORD_CD","Latitude","Longitude","New Georeferenced Column"
"304617623","04/11/2025","21:55:00","BROOKLYN","OUTSIDE","60","0","STREET","(null)","Y","(null)","(null)","(null)","45-64","M","BLACK","996,467","150,881","40.58081","-73.956017","POINT (-73.956017 40.58081)"
"303861624","03/29/2025","13:21:00","BROOKLYN","OUTSIDE","81","2","HOUSING","MULTI DWELL - PUBLIC HOUS","N","<18","M","BLACK","18-24","M","BLACK","1,000,876","191,778","40.693058","-73.940046","POINT (-73.940046 40.693058)"
"305163491","04/22/2025","20:42:00","BROOKLYN","OUTSIDE","94","2","HOUSING","MULTI DWELL - PUBLIC HOUS","N","(null)","(null)","(null)","18-24","M","BLACK HISPANIC","1,001,685","201,032","40.718455","-73.937104","POINT (-73.937104 40.718455)"
"306837529","05/21/2025","17:50:00","BRONX","OUTSIDE","52","0","STREET","(null)","Y","<18","M","WHITE HISPANIC","18-24","M","WHITE HISPANIC","1,018,634","259,808","40.879731","-73.875662","POINT (-73.875662 40.879731)"
"307581458","06/04/2025","22:40:00","MANHATTAN","OUTSIDE","14","0","STREET","(null)","Y","(null)","(null)","(null)","25-44","M","WHITE HISPANIC","986,684","215,375","40.75784","-73.991213","POINT (-73.991213 40.75784)"
"299648921","01/17/2025","09:54:00","BRONX","OUTSIDE","40","2","HOUSING","MULTI DWELL - PUBLIC HOUS","N","18-24","M","BLACK","18-24","M","BLACK","1,004,934","235,728","40.81368","-73.925276","POINT (-73.925276 40.81368)"
"306062049","05/08/2025","00:25:00","BRONX","OUTSIDE","47","2","HOUSING","MULTI DWELL - PUBLIC HOUS","N","(null)","(null)","(null)","25-44","M","WHITE HISPANIC","1,030,360","261,043","40.883065","-73.833249","POINT (-73.833249 40.883065)"
"307442124","06/02/2025","21:55:00","BROOKLYN","INSIDE","83","0","DWELLING","MULTI DWELL - APT BUILD","Y","(null)","(null)","(null)","25-44","M","BLACK","1,007,689","191,193","40.691437","-73.915478","POINT (-73.915478 40.691437)"
"304263629","04/05/2025","17:45:00","BRONX","OUTSIDE","46","0","STREET","(null)","N","25-44","M","WHITE HISPANIC","18-24","M","BLACK HISPANIC","1,009,234","247,586","40.846216","-73.909699","POINT (-73.909699 40.846216)"
"305637544","04/30/2025","19:45:00","BRONX","OUTSIDE","48","0","STREET","(null)","N","(null)","(null)","(null)","25-44","M","BLACK","1,017,326","245,083","40.839319","-73.880464","POINT (-73.880464 40.839319)"
"300827432","02/08/2025","01:58:00","BRONX","OUTSIDE","49","0","DWELLING","MULTI DWELL - APT BUILD","Y","45-64","M","BLACK","45-64","M","BLACK","1,023,484","247,656","40.846355","-73.858191","POINT (-73.858191 40.846355)"
"302317359","03/09/2025","14:00:00","QUEENS","OUTSIDE","110","0","STREET","(null)","N","18-24","M","WHITE HISPANIC","18-24","M","BLACK","1,022,047","207,921","40.737301","-73.863612","POINT (-73.863612 40.737301)"
"303275049","03/20/2025","00:59:00","MANHATTAN","OUTSIDE","34","0","STREET","(null)","N","25-44","M","WHITE HISPANIC","25-44","M","BLACK HISPANIC","1,006,609","255,632","40.868306","-73.919159","POINT (-73.919159 40.868306)"
"300364619","01/31/2025","22:47:00","BROOKLYN","OUTSIDE","62","0","STREET","(null)","N","25-44","M","WHITE HISPANIC","25-44","M","WHITE HISPANIC","988,574","161,577","40.610175","-73.984427","POINT (-73.984427 40.610175)"
"305034043","04/20/2025","01:57:00","BROOKLYN","OUTSIDE","81","2","HOUSING","MULTI DWELL - PUBLIC HOUS","N","(null)","(null)","(null)","25-44","F","BLACK","1,003,207","190,085","40.688406","-73.931642","POINT (-73.931642 40.688406)"
"305163492","04/22/2025","22:31:00","BRONX","OUTSIDE","40","0","STREET","(null)","N","25-44","M","WHITE HISPANIC","25-44","M","WHITE HISPANIC","1,008,227","232,203","40.803995","-73.913394","POINT (-73.913394 40.803995)"
"303562943","03/24/2025","01:25:00","BROOKLYN","OUTSIDE","69","0","STREET","(null)","N","18-24","M","BLACK","45-64","M","BLACK","1,012,661","174,513","40.6456289","-73.89762056","POINT (-73.89762056 40.6456289)"
"306394911","05/14/2025","05:56:00","BROOKLYN","OUTSIDE","76","0","STREET","(null)","N","25-44","M","BLACK","45-64","M","BLACK HISPANIC","984,217","184,686","40.673607","-74.00012","POINT (-74.00012 40.673607)"
"305304921","04/24/2025","22:04:00","BROOKLYN","OUTSIDE","73","0","STREET","(null)","N","(null)","(null)","(null)","18-24","M","BLACK","1,008,245","183,796","0","0","POINT (0 0)"
"298877584","01/04/2025","00:43:00","BROOKLYN","OUTSIDE","75","0","COMMERCIAL","BAR/NIGHT CLUB","N","45-64","M","WHITE HISPANIC","25-44","M","BLACK HISPANIC","1,015,628","186,760","40.679244","-73.886873","POINT (-73.886873 40.679244)"
"308868057","06/30/2025","10:00:00","BRONX","OUTSIDE","50","0","STREET","MULTI DWELL - APT BUILD","N","(null)","(null)","(null)","45-64","M","WHITE HISPANIC","1,007,640","259,512","40.878952","-73.915416","POINT (-73.915416 40.878952)"
"303898920","03/30/2025","22:50:00","BROOKLYN","INSIDE","75","0","DWELLING","MULTI DWELL - APT BUILD","N","(null)","(null)","(null)","45-64","M","BLACK","1,014,285","185,709","40.676364","-73.891718","POINT (-73.891718 40.676364)"
"301250437","02/17/2025","19:42:00","BRONX","OUTSIDE","42","2","HOUSING","MULTI DWELL - PUBLIC HOUS","N","(null)","(null)","(null)","25-44","M","BLACK HISPANIC","1,015,121","242,643","40.832631","-73.888444","POINT (-73.888444 40.832631)"
"307945955","06/11/2025","21:09:00","QUEENS","INSIDE","109","2","HOUSING","MULTI DWELL - PUBLIC HOUS","N","25-44","M","BLACK","25-44","M","BLACK","1,031,019","218,351","40.765885","-73.831162","POINT (-73.831162 40.765885)"
"308717968","06/26/2025","22:40:00","BROOKLYN","OUTSIDE","69","0","STREET","(null)","N","(null)","(null)","(null)","18-24","M","BLACK","1,012,575","171,356","40.636975","-73.897943","POINT (-73.897943 40.636975)"
"299257996","01/10/2025","17:42:00","BROOKLYN","OUTSIDE","69","0","STREET","(null)","N","<18","M","BLACK","45-64","F","BLACK","1,008,301","171,275","40.636763","-73.913343","POINT (-73.913343 40.636763)"
"305182561","04/22/2025","21:45:00","BRONX","INSIDE","46","0","DWELLING","MULTI DWELL - APT BUILD","N","(null)","(null)","(null)","18-24","M","BLACK","1,009,538","248,889","40.849793","-73.908595","POINT (-73.908595 40.849793)"
"300951837","02/11/2025","15:57:00","BRONX","OUTSIDE","47","0","STREET","(null)","N","(null)","(null)","(null)","<18","M","BLACK","1,024,398","266,422","40.897859","-73.854775","POINT (-73.854775 40.897859)"
"300197278","01/28/2025","14:54:00","QUEENS","OUTSIDE","113","0","STREET","(null)","N","18-24","M","BLACK","<18","M","BLACK","1,042,611","185,938","40.676851","-73.789598","POINT (-73.789598 40.676851)"
"307066944","05/26/2025","22:57:00","BROOKLYN","OUTSIDE","73","0","STREET","(null)","N","(null)","(null)","(null)","25-44","M","BLACK","1,008,463","187,332","40.680837","-73.912703","POINT (-73.912703 40.680837)"
"307654877","06/06/2025","01:49:00","BROOKLYN","OUTSIDE","69","0","STREET","(null)","Y","25-44","M","BLACK","25-44","M","BLACK","1,010,541","175,595","0","0","POINT (0 0)"
"302333819","03/09/2025","19:50:00","BROOKLYN","OUTSIDE","83","0","STREET","(null)","N","25-44","M","BLACK","25-44","M","WHITE HISPANIC","1,010,673","191,059","40.691058","-73.90472","POINT (-73.90472 40.691058)"
"306651765","05/18/2025","21:30:00","BROOKLYN","OUTSIDE","75","0","OTHER","(null)","N","(null)","(null)","(null)","<18","M","BLACK","1,015,966","188,407","40.68375359","-73.8856456","POINT (-73.8856456 40.68375359)"
"305034044","04/19/2025","22:19:00","BROOKLYN","OUTSIDE","67","0","COMMERCIAL","SMALL MERCHANT","N","25-44","M","BLACK","25-44","M","WHITE HISPANIC","1,003,890","172,805","40.640973","-73.929232","POINT (-73.929232 40.640973)"
"304641478","04/12/2025","12:57:00","BRONX","OUTSIDE","43","0","STREET","(null)","N","(null)","(null)","(null)","<18","M","BLACK HISPANIC","1,020,219","239,110","0","0","POINT (0 0)"
"299633735","01/17/2025","10:30:00","QUEENS","OUTSIDE","113","0","DWELLING","PVT HOUSE","N","45-64","M","BLACK","25-44","M","BLACK","1,048,550","187,251","40.680413","-73.768172","POINT (-73.768172 40.680413)"
"308833787","06/29/2025","17:45:00","BRONX","OUTSIDE","43","0","STREET","(null)","N","(null)","(null)","(null)","25-44","M","BLACK","1,022,594","243,360","40.834568","-73.861434","POINT (-73.861434 40.834568)"
"305252462","04/23/2025","16:54:00","BRONX","OUTSIDE","50","0","STREET","(null)","N","18-24","M","BLACK","25-44","M","WHITE","1,011,704","255,784","40.868709","-73.900738","POINT (-73.900738 40.868709)"
"308834266","06/29/2025","22:13:00","MANHATTAN","OUTSIDE","6","0","STREET","(null)","N","(null)","(null)","(null)","<18","F","BLACK","983,652","206,379","40.73315","-74.002157","POINT (-74.002157 40.73315)"
"298756515","01/01/2025","13:00:00","BRONX","INSIDE","52","0","DWELLING","MULTI DWELL - APT BUILD","N","45-64","M","WHITE HISPANIC","18-24","M","WHITE HISPANIC","1,013,194","254,357","40.864789","-73.895355","POINT (-73.895355 40.864789)"
"307632868","06/05/2025","13:18:00","BRONX","OUTSIDE","46","0","STREET","(null)","N","(null)","(null)","(null)","<18","M","BLACK","1,010,882","247,996","40.8473266","-73.90374022","POINT (-73.90374022 40.8473266)"
"306906891","05/23/2025","02:16:00","BROOKLYN","OUTSIDE","75","0","STREET","(null)","N","18-24","M","BLACK","25-44","M","BLACK","1,019,102","188,511","40.684037","-73.874337","POINT (-73.874337 40.684037)"
"298949944","01/05/2025","19:43:00","MANHATTAN","OUTSIDE","24","0","STREET","(null)","N","(null)","(null)","(null)","<18","M","BLACK","991,875","227,527","40.791193","-73.972463","POINT (-73.972463 40.791193)"
"303515770","03/23/2025","14:25:00","BROOKLYN","OUTSIDE","69","0","STREET","RESTAURANT/DINER","N","18-24","M","BLACK","18-24","M","BLACK","1,013,227","171,910","40.638492","-73.895592","POINT (-73.895592 40.638492)"
"306101739","05/08/2025","20:42:00","MANHATTAN","OUTSIDE","24","0","STREET","(null)","N","(null)","(null)","(null)","45-64","F","WHITE","995,516","230,389","40.799044","-73.959308","POINT (-73.959308 40.799044)"
"303829750","03/28/2025","23:50:00","MANHATTAN","OUTSIDE","32","2","HOUSING","MULTI DWELL - APT BUILD","N","18-24","M","BLACK","25-44","M","BLACK","999,874","238,251","40.820614","-73.94355","POINT (-73.94355 40.820614)"
"306651765","05/18/2025","21:30:00","BROOKLYN","OUTSIDE","75","0","OTHER","(null)","N","(null)","(null)","(null)","18-24","M","BLACK HISPANIC","1,015,966","188,407","40.68375359","-73.8856456","POINT (-73.8856456 40.68375359)"
"306915848","05/23/2025","10:30:00","BRONX","OUTSIDE","43","0","STREET","(null)","N","(null)","(null)","(null)","25-44","M","BLACK","1,020,240","243,433","40.83476932","-73.86994082","POINT (-73.86994082 40.83476932)"
"301806225","02/27/2025","15:55:00","BRONX","OUTSIDE","48","0","STREET","(null)","N","<18","M","BLACK","18-24","M","BLACK","1,015,108","246,825","40.844108","-73.88847","POINT (-73.88847 40.844108)"
"302892958","03/16/2025","02:20:00","MANHATTAN","INSIDE","23","2","HOUSING","MULTI DWELL - PUBLIC HOUS","N","(null)","(null)","(null)","<18","M","WHITE HISPANIC","998,430","228,773","40.794604","-73.948786","POINT (-73.948786 40.794604)"
"298756519","01/01/2025","23:18:00","QUEENS","OUTSIDE","103","0","COMMERCIAL","BAR/NIGHT CLUB","N","(null)","(null)","(null)","18-24","M","BLACK","1,036,944","194,475","40.700318","-73.809959","POINT (-73.809959 40.700318)"
"298756518","01/01/2025","20:20:00","BROOKLYN","INSIDE","75","0","COMMERCIAL","BEAUTY/NAIL SALON","N","(null)","(null)","(null)","25-44","M","BLACK","1,016,621","179,609","40.659612","-73.883327","POINT (-73.883327 40.659612)"
"304923535","04/17/2025","17:03:00","MANHATTAN","OUTSIDE","26","2","HOUSING","MULTI DWELL - PUBLIC HOUS","Y","25-44","M","BLACK HISPANIC","25-44","M","WHITE HISPANIC","996,071","236,561","40.815983","-73.957292","POINT (-73.957292 40.815983)"
"298779027","01/02/2025","08:26:00","BROOKLYN","OUTSIDE","88","0","STREET","(null)","N","18-24","M","BLACK","<18","M","BLACK","991,197","192,954","40.696297","-73.974949","POINT (-73.974949 40.696297)"
"301184410","02/16/2025","14:55:00","QUEENS","INSIDE","114","0","COMMERCIAL","(null)","N","(null)","(null)","(null)","<18","M","BLACK HISPANIC","1,001,016","213,414","40.752444","-73.939488","POINT (-73.939488 40.752444)"
"305266332","04/24/2025","03:25:00","BROOKLYN","INSIDE","70","0","DWELLING","PVT HOUSE","N","45-64","M","BLACK","25-44","M","BLACK","996,079","174,395","40.645351","-73.957374","POINT (-73.957374 40.645351)"
"307386906","06/01/2025","21:50:00","BRONX","OUTSIDE","42","0","STREET","(null)","N","(null)","(null)","(null)","25-44","M","BLACK","1,011,314","241,548","40.82962741","-73.9022048","POINT (-73.9022048 40.82962741)"
"308417293","06/21/2025","04:00:00","BROOKLYN","OUTSIDE","77","0","STREET","(null)","N","(null)","(null)","(null)","18-24","M","BLACK","1,000,811","185,083","40.674682","-73.940296","POINT (-73.940296 40.674682)"
"305513706","04/29/2025","00:27:00","BROOKLYN","OUTSIDE","67","0","STREET","(null)","Y","(null)","(null)","(null)","<18","M","BLACK","1,000,242","171,647","40.637804","-73.942377","POINT (-73.942377 40.637804)"
"299996365","01/24/2025","20:20:00","BRONX","OUTSIDE","42","0","STREET","(null)","N","(null)","(null)","(null)","45-64","M","BLACK HISPANIC","1,014,445","240,852","40.827717","-73.890893","POINT (-73.890893 40.827717)"
"301609655","02/24/2025","16:49:00","BRONX","OUTSIDE","40","0","STREET","(null)","N","18-24","M","BLACK","25-44","M","BLACK","1,008,608","238,678","40.821769","-73.911993","POINT (-73.911993 40.821769)"
"306522955","05/15/2025","13:02:00","BRONX","OUTSIDE","46","0","STREET","(null)","N","<18","M","BLACK","45-64","M","BLACK","1,010,882","247,996","40.8473266","-73.90374022","POINT (-73.90374022 40.8473266)"
"298950447","01/05/2025","21:25:00","BROOKLYN","OUTSIDE","75","0","COMMERCIAL","GROCERY/BODEGA","N","(null)","(null)","(null)","<18","M","BLACK","1,019,406","184,339","40.672585","-73.873262","POINT (-73.873262 40.672585)"
"301529587","02/22/2025","00:38:00","BRONX","INSIDE","45","2","HOUSING","MULTI DWELL - PUBLIC HOUS","Y","25-44","F","WHITE HISPANIC","18-24","M","BLACK HISPANIC","1,032,397","238,442","40.821023","-73.826044","POINT (-73.826044 40.821023)"
"307841555","06/10/2025","02:37:00","MANHATTAN","OUTSIDE","33","0","STREET","(null)","N","25-44","M","BLACK","25-44","M","BLACK","1,002,521","246,742","40.843916","-73.933965","POINT (-73.933965 40.843916)"
"299001015","01/06/2025","14:20:00","BRONX","OUTSIDE","45","0","STREET","(null)","N","(null)","(null)","(null)","<18","M","BLACK","1,031,237","257,081","40.872188","-73.830103","POINT (-73.830103 40.872188)"
"305570691","04/29/2025","22:03:00","BROOKLYN","OUTSIDE","79","0","HOUSING","MULTI DWELL - PUBLIC HOUS","N","25-44","M","BLACK","25-44","M","BLACK","999,134","190,013","40.688215","-73.946331","POINT (-73.946331 40.688215)"
"305163494","04/22/2025","22:27:00","MANHATTAN","OUTSIDE","28","0","STREET","(null)","N","25-44","M","BLACK","45-64","F","BLACK","997,853","230,889","40.800413","-73.950866","POINT (-73.950866 40.800413)"
"301860130","02/28/2025","19:12:00","MANHATTAN","OUTSIDE","32","0","STREET","(null)","N","<18","M","BLACK","25-44","M","BLACK","1,001,469","241,128","40.82849931","-73.93778057","POINT (-73.93778057 40.82849931)"
"302446875","03/11/2025","14:15:00","BROOKLYN","OUTSIDE","90","0","COMMERCIAL","STORE UNCLASSIFIED","Y","18-24","M","BLACK HISPANIC","18-24","M","WHITE HISPANIC","998,274","197,039","40.707502","-73.949418","POINT (-73.949418 40.707502)"
"305034043","04/20/2025","01:57:00","BROOKLYN","OUTSIDE","81","2","HOUSING","MULTI DWELL - PUBLIC HOUS","N","(null)","(null)","(null)","18-24","F","BLACK","1,003,207","190,085","40.688406","-73.931642","POINT (-73.931642 40.688406)"
"303241624","03/19/2025","20:19:00","BRONX","OUTSIDE","43","2","HOUSING","MULTI DWELL - PUBLIC HOUS","N","(null)","(null)","(null)","25-44","M","BLACK","1,017,969","243,672","40.835443","-73.878147","POINT (-73.878147 40.835443)"
"305637547","04/30/2025","22:00:00","BROOKLYN","OUTSIDE","73","0","STREET","(null)","N","18-24","M","BLACK","18-24","M","BLACK","1,008,608","178,434","40.656413","-73.912211","POINT (-73.912211 40.656413)"
"300261481","01/29/2025","13:30:00","QUEENS","OUTSIDE","114","0","HOUSING","MULTI DWELL - PUBLIC HOUS","N","25-44","M","BLACK","25-44","M","BLACK","1,002,916","221,441","40.77447","-73.932605","POINT (-73.932605 40.77447)"
"308005977","06/12/2025","21:00:00","BRONX","OUTSIDE","49","0","STREET","(null)","N","(null)","(null)","(null)","<18","M","BLACK","1,021,186","247,214","40.845153","-73.866501","POINT (-73.866501 40.845153)"
"308833788","06/29/2025","01:00:00","QUEENS","OUTSIDE","106","0","STREET","(null)","Y","(null)","(null)","(null)","25-44","M","ASIAN / PACIFIC ISLANDER","1,028,949","184,797","40.6738","-73.838858","POINT (-73.838858 40.6738)"
"305004828","04/19/2025","02:30:00","BROOKLYN","OUTSIDE","88","0","STREET","(null)","N","25-44","M","WHITE HISPANIC","18-24","M","WHITE HISPANIC","993,693","192,830","40.695956","-73.965945","POINT (-73.965945 40.695956)"
"299956934","01/23/2025","23:43:00","BRONX","OUTSIDE","43","0","STREET","(null)","N","18-24","M","WHITE HISPANIC","<18","M","WHITE HISPANIC","1,016,692","240,037","40.825473","-73.882778","POINT (-73.882778 40.825473)"
"308763150","06/28/2025","03:53:00","BROOKLYN","OUTSIDE","67","0","STREET","(null)","N","(null)","(null)","(null)","18-24","M","BLACK","1,006,699","179,366","40.65896644","-73.91908854","POINT (-73.91908854 40.65896644)"
"305304921","04/24/2025","22:04:00","BROOKLYN","OUTSIDE","73","0","STREET","(null)","N","(null)","(null)","(null)","25-44","M","BLACK","1,008,245","183,796","0","0","POINT (0 0)"
"305364227","04/25/2025","21:20:00","BRONX","OUTSIDE","40","2","HOUSING","MULTI DWELL - PUBLIC HOUS","N","(null)","(null)","(null)","25-44","F","BLACK","1,009,581","236,611","40.816093","-73.908485","POINT (-73.908485 40.816093)"
"303772632","03/27/2025","21:09:00","BRONX","OUTSIDE","40","0","STREET","(null)","N","(null)","(null)","(null)","18-24","M","BLACK","1,006,460","234,503","40.810313","-73.919769","POINT (-73.919769 40.810313)"
"305446969","04/27/2025","16:45:00","BROOKLYN","OUTSIDE","60","0","STREET","(null)","Y","25-44","M","BLACK","18-24","M","BLACK","983,855","148,073","40.57310209","-74.00142184","POINT (-74.00142184 40.57310209)"
"306294378","05/12/2025","00:36:00","BROOKLYN","OUTSIDE","69","0","STREET","(null)","N","25-44","M","BLACK HISPANIC","18-24","M","BLACK","1,010,112","173,282","40.64225788","-73.90681063","POINT (-73.90681063 40.64225788)"
"300802097","02/08/2025","21:12:00","BROOKLYN","OUTSIDE","75","0","STREET","(null)","N","45-64","M","BLACK","45-64","M","BLACK","1,017,036","183,890","0","0","POINT (0 0)"
"306369562","05/13/2025","16:42:00","BRONX","OUTSIDE","42","0","STREET","(null)","N","(null)","(null)","(null)","18-24","M","BLACK","1,008,756","239,468","40.82392587","-73.91145567","POINT (-73.91145567 40.82392587)"
"305364225","04/25/2025","18:23:00","BROOKLYN","OUTSIDE","67","0","STREET","(null)","N","<18","M","BLACK","25-44","F","BLACK","1,003,705","176,765","40.651845","-73.929888","POINT (-73.929888 40.651845)"
"300566188","02/04/2025","12:20:00","MANHATTAN","OUTSIDE","10","2","HOUSING","MULTI DWELL - PUBLIC HOUS","N","(null)","(null)","(null)","25-44","M","BLACK","982,756","210,139","40.74347","-74.005392","POINT (-74.005392 40.74347)"
"306651416","05/18/2025","18:45:00","BRONX","OUTSIDE","46","0","STREET","(null)","N","(null)","(null)","(null)","25-44","F","WHITE HISPANIC","1,013,673","252,644","40.860085","-73.89363","POINT (-73.89363 40.860085)"
"308455131","06/21/2025","09:30:00","BRONX","OUTSIDE","42","0","STREET","MULTI DWELL - APT BUILD","Y","(null)","(null)","(null)","25-44","M","BLACK","1,016,398","243,887","40.83604","-73.883824","POINT (-73.883824 40.83604)"
"303829751","03/29/2025","07:13:00","BROOKLYN","OUTSIDE","75","0","STREET","(null)","N","25-44","M","BLACK","25-44","M","BLACK","1,012,956","183,568","40.67048191","-73.89651898","POINT (-73.89651898 40.67048191)"
"303036414","03/17/2025","20:35:00","BRONX","OUTSIDE","46","0","STREET","(null)","N","(null)","(null)","(null)","18-24","M","WHITE HISPANIC","1,008,291","247,744","40.846651","-73.913105","POINT (-73.913105 40.846651)"
"300318397","01/30/2025","14:29:00","BRONX","OUTSIDE","48","0","STREET","(null)","N","18-24","M","BLACK HISPANIC","18-24","M","BLACK HISPANIC","1,016,057","247,615","40.846273","-73.885036","POINT (-73.885036 40.846273)"
"306613733","05/18/2025","03:54:00","QUEENS","OUTSIDE","110","0","STREET","(null)","N","18-24","M","BLACK","18-24","M","BLACK","1,016,250","208,615","40.739229","-73.884526","POINT (-73.884526 40.739229)"
"302197815","03/06/2025","16:50:00","BROOKLYN","OUTSIDE","63","0","STREET","GAS STATION","N","45-64","M","BLACK","25-44","M","BLACK","1,006,460","169,245","40.631196","-73.919982","POINT (-73.919982 40.631196)"
"299453927","01/14/2025","21:20:00","BROOKLYN","OUTSIDE","73","0","COMMERCIAL","GROCERY/BODEGA","N","25-44","M","BLACK","25-44","M","BLACK","1,009,652","183,399","40.670038","-73.908428","POINT (-73.908428 40.670038)"
"300354793","01/31/2025","16:31:00","BRONX","OUTSIDE","44","0","OTHER","GROCERY/BODEGA","N","25-44","M","BLACK","45-64","M","BLACK","1,005,142","246,042","40.841989","-73.924494","POINT (-73.924494 40.841989)"
"306572212","05/16/2025","23:55:00","BROOKLYN","OUTSIDE","67","0","DWELLING","MULTI DWELL - APT BUILD","N","(null)","(null)","(null)","25-44","M","BLACK","1,004,240","175,139","40.647379","-73.927963","POINT (-73.927963 40.647379)"
"307442122","06/02/2025","22:25:00","BRONX","OUTSIDE","47","0","DWELLING","MULTI DWELL - APT BUILD","N","25-44","M","BLACK","25-44","M","BLACK","1,022,068","259,202","40.878053","-73.863245","POINT (-73.863245 40.878053)"
"300882495","02/10/2025","11:56:00","BROOKLYN","INSIDE","73","0","COMMERCIAL","GROCERY/BODEGA","N","<18","M","BLACK","45-64","M","BLACK","1,007,627","183,444","40.670167","-73.915729","POINT (-73.915729 40.670167)"
"305412877","04/27/2025","07:11:00","QUEENS","OUTSIDE","109","0","STREET","(null)","N","25-44","M","WHITE HISPANIC","25-44","M","BLACK","1,036,473","217,965","40.764795","-73.811476","POINT (-73.811476 40.764795)"
"305570692","04/29/2025","21:50:00","BRONX","OUTSIDE","47","0","STREET","(null)","N","(null)","(null)","(null)","<18","M","BLACK","1,023,736","262,685","40.88759525","-73.85719372","POINT (-73.85719372 40.88759525)"
"308824439","06/29/2025","13:17:00","STATEN ISLAND","OUTSIDE","122","0","HOUSING","MULTI DWELL - PUBLIC HOUS","N","(null)","(null)","(null)","18-24","M","BLACK","950,998","161,170","40.608997","-74.119758","POINT (-74.119758 40.608997)"
"305062372","04/20/2025","18:48:00","BRONX","OUTSIDE","46","0","STREET","(null)","N","18-24","M","BLACK","18-24","M","BLACK","1,008,383","250,881","40.85525224","-73.91276232","POINT (-73.91276232 40.85525224)"
"304263629","04/05/2025","17:45:00","BRONX","OUTSIDE","46","0","STREET","(null)","N","18-24","M","WHITE HISPANIC","18-24","M","BLACK HISPANIC","1,009,234","247,586","40.846216","-73.909699","POINT (-73.909699 40.846216)"
"306394911","05/14/2025","05:56:00","BROOKLYN","OUTSIDE","76","0","STREET","(null)","N","25-44","M","BLACK","45-64","M","WHITE","984,217","184,686","40.673607","-74.00012","POINT (-74.00012 40.673607)"
"307442124","06/02/2025","21:55:00","BROOKLYN","INSIDE","83","0","DWELLING","MULTI DWELL - APT BUILD","N","(null)","(null)","(null)","25-44","M","BLACK","1,007,689","191,193","40.691437","-73.915478","POINT (-73.915478 40.691437)"
"305364225","04/25/2025","18:23:00","BROOKLYN","OUTSIDE","67","0","STREET","(null)","N","18-24","M","BLACK","25-44","F","BLACK","1,003,705","176,765","40.651845","-73.929888","POINT (-73.929888 40.651845)"
"308047666","06/13/2025","19:45:00","BRONX","OUTSIDE","47","0","STREET","(null)","N","25-44","M","BLACK","25-44","M","BLACK","1,030,896","263,028","40.888511","-73.831296","POINT (-73.831296 40.888511)"
"300131384","01/27/2025","12:20:00","BROOKLYN","OUTSIDE","67","0","DWELLING","MULTI DWELL - APT BUILD","N","(null)","(null)","(null)","65+","M","BLACK","996,949","176,623","40.651466","-73.954236","POINT (-73.954236 40.651466)"
"303898920","03/30/2025","22:50:00","BROOKLYN","INSIDE","75","0","DWELLING","MULTI DWELL - APT BUILD","Y","(null)","(null)","(null)","45-64","M","BLACK","1,014,285","185,709","40.676364","-73.891718","POINT (-73.891718 40.676364)"
"308800534","06/28/2025","20:20:00","BRONX","OUTSIDE","40","2","HOUSING","(null)","N","(null)","(null)","(null)","<18","M","BLACK","1,005,674","234,940","40.811515","-73.922607","POINT (-73.922607 40.811515)"
"299382241","01/13/2025","21:15:00","MANHATTAN","OUTSIDE","30","0","STREET","(null)","N","<18","M","WHITE HISPANIC","25-44","M","BLACK HISPANIC","997,512","239,558","40.824207","-73.95208","POINT (-73.95208 40.824207)"
"307259944","05/29/2025","00:21:00","QUEENS","OUTSIDE","101","0","STREET","(null)","N","25-44","M","BLACK","25-44","M","BLACK","1,053,092","158,139","40.60046388","-73.75209442","POINT (-73.75209442 40.60046388)"
"301178228","02/15/2025","17:00:00","QUEENS","INSIDE","107","0","DWELLING","PVT HOUSE","Y","<18","M","BLACK","<18","F","BLACK","1,048,369","201,076","40.718362","-73.768693","POINT (-73.768693 40.718362)"
"305412876","04/27/2025","06:31:00","QUEENS","OUTSIDE","108","0","STREET","(null)","N","25-44","M","BLACK","UNKNOWN","M","UNKNOWN","996,424","210,017","0","0","POINT (0 0)"
"305285855","04/24/2025","10:21:00","MANHATTAN","OUTSIDE","25","0","STREET","(null)","N","25-44","M","WHITE HISPANIC","25-44","M","BLACK","1,001,375","231,978","40.803394","-73.938144","POINT (-73.938144 40.803394)"
"301529588","02/22/2025","18:14:00","BRONX","OUTSIDE","47","2","HOUSING","MULTI DWELL - PUBLIC HOUS","N","(null)","(null)","(null)","25-44","M","BLACK","1,026,368","262,340","40.886646","-73.847675","POINT (-73.847675 40.886646)"
"305252462","04/23/2025","16:54:00","BRONX","OUTSIDE","50","0","STREET","(null)","Y","18-24","M","BLACK","25-44","M","WHITE","1,011,704","255,784","40.868709","-73.900738","POINT (-73.900738 40.868709)"
"307581456","06/04/2025","23:45:00","BRONX","OUTSIDE","44","0","STREET","(null)","N","(null)","(null)","(null)","<18","M","WHITE HISPANIC","1,003,468","238,054","40.820068","-73.930566","POINT (-73.930566 40.820068)"
"307645265","06/05/2025","21:52:00","BRONX","OUTSIDE","42","0","STREET","(null)","N","(null)","(null)","(null)","45-64","M","BLACK","1,009,310","238,924","40.82243119","-73.90945601","POINT (-73.90945601 40.82243119)"
"301018725","02/12/2025","21:11:00","BROOKLYN","OUTSIDE","79","2","HOUSING","MULTI DWELL - PUBLIC HOUS","Y","(null)","(null)","(null)","25-44","M","WHITE HISPANIC","999,258","193,584","40.698016","-73.945876","POINT (-73.945876 40.698016)"
"304263630","04/05/2025","19:20:00","BRONX","INSIDE","46","0","COMMERCIAL","RESTAURANT/DINER","N","<18","M","BLACK","25-44","M","BLACK","1,013,790","253,301","40.861887","-73.893207","POINT (-73.893207 40.861887)"
"306675852","05/19/2025","14:12:00","MANHATTAN","OUTSIDE","28","2","HOUSING","MULTI DWELL - PUBLIC HOUS","N","(null)","(null)","(null)","<18","M","WHITE HISPANIC","998,746","230,395","40.799054","-73.947644","POINT (-73.947644 40.799054)"
"306610276","05/17/2025","21:57:00","BROOKLYN","OUTSIDE","75","0","STREET","(null)","N","18-24","M","WHITE HISPANIC","18-24","M","BLACK","1,014,679","179,606","40.65961","-73.890327","POINT (-73.890327 40.65961)"
"305252462","04/23/2025","16:54:00","BRONX","OUTSIDE","50","0","STREET","(null)","N","18-24","M","BLACK","25-44","F","WHITE HISPANIC","1,011,704","255,784","40.868709","-73.900738","POINT (-73.900738 40.868709)"
"305637545","04/30/2025","22:40:00","QUEENS","OUTSIDE","103","0","STREET","(null)","N","18-24","M","WHITE HISPANIC","18-24","M","WHITE HISPANIC","1,041,743","198,016","40.70999809","-73.79262296","POINT (-73.79262296 40.70999809)"
"305036739","04/20/2025","06:35:00","BRONX","OUTSIDE","44","0","STREET","(null)","N","18-24","M","BLACK HISPANIC","18-24","M","WHITE HISPANIC","1,006,490","244,533","0","0","POINT (0 0)"
"306991088","05/24/2025","20:15:00","BRONX","OUTSIDE","41","0","STREET","(null)","N","<18","M","BLACK","25-44","M","WHITE HISPANIC","1,016,221","235,286","40.812432","-73.884504","POINT (-73.884504 40.812432)"
"303700019","03/26/2025","14:21:00","QUEENS","OUTSIDE","103","0","STREET","(null)","Y","<18","M","BLACK","<18","M","BLACK","1,043,590","195,903","40.70418623","-73.78597948","POINT (-73.78597948 40.70418623)"
"298949942","01/03/2025","17:30:00","BRONX","OUTSIDE","44","0","STREET","(null)","N","25-44","M","BLACK HISPANIC","<18","M","BLACK","1,007,076","246,675","40.843722","-73.917502","POINT (-73.917502 40.843722)"
"298909833","01/04/2025","16:50:00","MANHATTAN","OUTSIDE","28","0","STREET","(null)","N","18-24","M","BLACK","25-44","M","BLACK","997,365","231,723","40.802702","-73.95263","POINT (-73.95263 40.802702)"
"303476410","03/22/2025","20:13:00","BROOKLYN","OUTSIDE","73","0","STREET","(null)","N","(null)","(null)","(null)","25-44","M","WHITE HISPANIC","1,009,059","180,294","40.661517","-73.910579","POINT (-73.910579 40.661517)"
"304199342","04/04/2025","14:29:00","MANHATTAN","OUTSIDE","34","0","STREET","(null)","N","<18","M","BLACK","18-24","M","BLACK HISPANIC","1,005,517","255,164","40.86701515","-73.92310894","POINT (-73.92310894 40.86701515)"
"298756517","01/01/2025","05:15:00","BRONX","OUTSIDE","44","0","STREET","(null)","N","45-64","M","BLACK","18-24","M","BLACK","1,009,255","244,278","40.83712653","-73.90963478","POINT (-73.90963478 40.83712653)"
"307729596","06/08/2025","05:20:00","BRONX","INSIDE","42","2","HOUSING","MULTI DWELL - PUBLIC HOUS","N","18-24","M","BLACK HISPANIC","<18","F","WHITE HISPANIC","1,010,250","238,635","40.821644","-73.906059","POINT (-73.906059 40.821644)"
"308312285","06/18/2025","16:40:00","QUEENS","OUTSIDE","101","2","HOUSING","MULTI DWELL - PUBLIC HOUS","N","(null)","(null)","(null)","<18","M","BLACK","1,044,820","156,440","40.59587","-73.781896","POINT (-73.781896 40.59587)"
"301529587","02/22/2025","00:38:00","BRONX","INSIDE","45","2","HOUSING","MULTI DWELL - PUBLIC HOUS","Y","18-24","M","WHITE HISPANIC","18-24","M","BLACK HISPANIC","1,032,397","238,442","40.821023","-73.826044","POINT (-73.826044 40.821023)"
"305004828","04/19/2025","02:30:00","BROOKLYN","OUTSIDE","88","0","STREET","(null)","N","18-24","M","WHITE HISPANIC","18-24","M","WHITE HISPANIC","993,693","192,830","40.695956","-73.965945","POINT (-73.965945 40.695956)"
"304923535","04/17/2025","17:03:00","MANHATTAN","OUTSIDE","26","2","HOUSING","MULTI DWELL - PUBLIC HOUS","Y","<18","M","BLACK HISPANIC","25-44","M","WHITE HISPANIC","996,071","236,561","40.815983","-73.957292","POINT (-73.957292 40.815983)"
"306880258","05/22/2025","17:55:00","BROOKLYN","OUTSIDE","77","2","HOUSING","MULTI DWELL - PUBLIC HOUS","N","(null)","(null)","(null)","25-44","M","BLACK","1,001,597","185,351","40.675414","-73.937462","POINT (-73.937462 40.675414)"
"304579781","04/11/2025","01:14:00","BROOKLYN","OUTSIDE","83","0","STREET","(null)","Y","25-44","M","BLACK","25-44","M","BLACK","1,009,606","188,105","40.682954","-73.908578","POINT (-73.908578 40.682954)"
"301565780","02/23/2025","19:50:00","BRONX","OUTSIDE","49","0","STREET","(null)","Y","(null)","(null)","(null)","25-44","M","BLACK","1,020,860","251,009","40.855571","-73.86766","POINT (-73.86766 40.855571)"
"299683365","01/18/2025","17:30:00","QUEENS","OUTSIDE","113","0","STREET","(null)","Y","45-64","M","BLACK","45-64","M","BLACK","1,053,262","194,744","40.70093491","-73.7511077","POINT (-73.7511077 40.70093491)"
"304483259","04/09/2025","16:58:00","BRONX","OUTSIDE","46","0","STREET","(null)","N","<18","M","BLACK HISPANIC","45-64","M","BLACK","1,012,701","253,506","40.86244422","-73.89714218","POINT (-73.89714218 40.86244422)"
"306522955","05/15/2025","13:02:00","BRONX","OUTSIDE","46","0","STREET","(null)","N","25-44","M","BLACK","45-64","M","BLACK","1,010,882","247,996","40.8473266","-73.90374022","POINT (-73.90374022 40.8473266)"
"306298652","05/12/2025","17:00:00","BRONX","OUTSIDE","42","0","STREET","(null)","Y","<18","M","BLACK","<18","F","BLACK","1,011,823","240,885","40.827815","-73.900368","POINT (-73.900368 40.827815)"
"305372450","04/26/2025","03:56:00","QUEENS","OUTSIDE","114","0","STREET","(null)","N","18-24","M","BLACK","25-44","M","ASIAN / PACIFIC ISLANDER","1,009,113","219,613","40.76942832","-73.91023928","POINT (-73.91023928 40.76942832)"
"308373655","06/19/2025","23:30:00","BROOKLYN","OUTSIDE","79","0","STREET","MULTI DWELL - APT BUILD","Y","(null)","(null)","(null)","25-44","M","BLACK","998,273","193,028","40.696493","-73.949429","POINT (-73.949429 40.696493)"
"300341223","01/31/2025","11:55:00","BROOKLYN","OUTSIDE","79","0","STREET","(null)","N","25-44","M","BLACK","25-44","F","WHITE HISPANIC","995,261","191,567","40.692485","-73.960292","POINT (-73.960292 40.692485)"
"305806355","05/04/2025","04:38:00","BROOKLYN","OUTSIDE","88","2","HOUSING","MULTI DWELL - PUBLIC HOUS","N","(null)","(null)","(null)","<18","M","BLACK","995,266","190,743","0","0","POINT (0 0)"
"300318398","01/30/2025","17:58:00","QUEENS","OUTSIDE","114","0","STREET","(null)","N","25-44","M","BLACK HISPANIC","25-44","M","BLACK","1,009,645","213,978","40.75397","-73.90834","POINT (-73.90834 40.75397)"
"300412111","02/01/2025","23:25:00","BROOKLYN","OUTSIDE","90","0","STREET","(null)","N","(null)","(null)","(null)","25-44","M","BLACK","1,000,063","196,456","40.70588893","-73.94296613","POINT (-73.94296613 40.70588893)"
"308717968","06/26/2025","22:40:00","BROOKLYN","OUTSIDE","69","0","STREET","(null)","Y","(null)","(null)","(null)","25-44","M","BLACK","1,012,575","171,356","40.636975","-73.897943","POINT (-73.897943 40.636975)"
"304666143","04/13/2025","02:09:00","BRONX","INSIDE","40","2","HOUSING","MULTI DWELL - PUBLIC HOUS","N","25-44","M","BLACK","25-44","M","BLACK HISPANIC","1,006,566","239,026","40.822729","-73.919369","POINT (-73.919369 40.822729)"
"307632869","06/05/2025","19:35:00","BROOKLYN","OUTSIDE","63","2","HOUSING","MULTI DWELL - PUBLIC HOUS","N","25-44","M","BLACK","25-44","M","BLACK","1,006,302","170,051","40.63341","-73.920548","POINT (-73.920548 40.63341)"
"308594661","06/24/2025","04:20:00","BRONX","OUTSIDE","46","0","STREET","(null)","Y","25-44","M","BLACK","18-24","M","WHITE HISPANIC","1,006,371","250,007","40.852867","-73.920038","POINT (-73.920038 40.852867)"
"298909834","01/04/2025","22:35:00","BRONX","OUTSIDE","47","0","STREET","(null)","N","45-64","M","BLACK","25-44","M","BLACK","1,023,206","263,661","40.890286","-73.859106","POINT (-73.859106 40.890286)"
"308800538","06/29/2025","02:43:00","BRONX","OUTSIDE","43","0","STREET","(null)","N","(null)","(null)","(null)","18-24","M","WHITE HISPANIC","1,019,527","241,348","40.82904948","-73.87252839","POINT (-73.87252839 40.82904948)"
"301565779","02/23/2025","23:41:00","BRONX","INSIDE","43","0","DWELLING","MULTI DWELL - APT BUILD","N","<18","M","BLACK","45-64","F","WHITE HISPANIC","1,024,656","245,412","40.840191","-73.85397","POINT (-73.85397 40.840191)"
"304483259","04/09/2025","16:58:00","BRONX","OUTSIDE","46","0","STREET","(null)","N","<18","M","BLACK HISPANIC","25-44","M","WHITE HISPANIC","1,012,701","253,506","40.86244422","-73.89714218","POINT (-73.89714218 40.86244422)"
"304666141","04/12/2025","22:05:00","QUEENS","OUTSIDE","111","0","STREET","(null)","Y","25-44","M","ASIAN / PACIFIC ISLANDER","<18","M","WHITE HISPANIC","1,047,578","213,895","40.753552","-73.771428","POINT (-73.771428 40.753552)"
"305637549","04/30/2025","04:47:00","MANHATTAN","OUTSIDE","18","0","STREET","(null)","N","18-24","M","BLACK","25-44","M","ASIAN / PACIFIC ISLANDER","988,511","215,874","40.75919967","-73.98461925","POINT (-73.98461925 40.75919967)"
"307558032","06/04/2025","13:30:00","QUEENS","OUTSIDE","109","0","STREET","(null)","N","18-24","M","WHITE HISPANIC","45-64","M","WHITE","1,040,376","224,023","40.781398","-73.797336","POINT (-73.797336 40.781398)"
"305963806","05/06/2025","21:25:00","BROOKLYN","OUTSIDE","71","0","COMMERCIAL","SMALL MERCHANT","N","(null)","(null)","(null)","18-24","M","BLACK","1,003,564","181,625","40.665184","-73.930383","POINT (-73.930383 40.665184)"
"305163494","04/22/2025","22:27:00","MANHATTAN","OUTSIDE","28","0","STREET","(null)","Y","18-24","M","BLACK","45-64","F","BLACK","997,853","230,889","40.800413","-73.950866","POINT (-73.950866 40.800413)"
"305054141","04/20/2025","13:50:00","BRONX","OUTSIDE","40","2","HOUSING","MULTI DWELL - PUBLIC HOUS","N","18-24","M","WHITE HISPANIC","25-44","M","BLACK","1,005,945","235,372","40.812701","-73.921625","POINT (-73.921625 40.812701)"
"302377352","03/10/2025","22:40:00","QUEENS","OUTSIDE","113","0","STREET","(null)","N","(null)","(null)","(null)","25-44","M","BLACK","1,040,051","185,174","40.6747607","-73.79883235","POINT (-73.79883235 40.6747607)"
"305163493","04/22/2025","17:40:00","QUEENS","OUTSIDE","104","0","STREET","(null)","Y","<18","M","BLACK","18-24","M","WHITE HISPANIC","1,011,400","193,806","40.698596","-73.902085","POINT (-73.902085 40.698596)"
"306610276","05/17/2025","21:57:00","BROOKLYN","OUTSIDE","75","0","STREET","(null)","Y","18-24","M","WHITE HISPANIC","18-24","M","BLACK","1,014,679","179,606","40.65961","-73.890327","POINT (-73.890327 40.65961)"
"306755455","05/20/2025","10:20:00","QUEENS","OUTSIDE","101","0","DWELLING","MULTI DWELL - APT BUILD","N","65+","M","BLACK","25-44","M","WHITE HISPANIC","1,043,650","154,674","40.591031","-73.786126","POINT (-73.786126 40.591031)"
"305364226","04/25/2025","21:08:00","BRONX","OUTSIDE","40","0","STREET","(null)","N","(null)","(null)","(null)","25-44","M","WHITE HISPANIC","1,007,037","235,668","40.813511","-73.917679","POINT (-73.917679 40.813511)"
"306214613","05/10/2025","20:33:00","BRONX","OUTSIDE","40","0","STREET","GROCERY/BODEGA","Y","<18","M","WHITE HISPANIC","25-44","M","BLACK","1,005,529","233,942","40.808777","-73.923131","POINT (-73.923131 40.808777)"
"305034044","04/19/2025","22:19:00","BROOKLYN","OUTSIDE","67","0","COMMERCIAL","SMALL MERCHANT","N","25-44","M","BLACK","25-44","M","BLACK","1,003,890","172,805","40.640973","-73.929232","POINT (-73.929232 40.640973)"
"308029411","06/13/2025","02:35:00","BRONX","OUTSIDE","42","2","HOUSING","MULTI DWELL - PUBLIC HOUS","N","(null)","(null)","(null)","25-44","M","BLACK","1,010,462","243,211","40.834204","-73.905275","POINT (-73.905275 40.834204)"
"306769600","05/20/2025","21:00:00","BRONX","OUTSIDE","52","0","STREET","(null)","N","(null)","(null)","(null)","25-44","M","BLACK HISPANIC","1,011,276","253,604","40.86271768","-73.90229353","POINT (-73.90229353 40.86271768)"
"305412877","04/27/2025","07:11:00","QUEENS","OUTSIDE","109","0","STREET","(null)","N","25-44","M","BLACK","25-44","M","BLACK","1,036,473","217,965","40.764795","-73.811476","POINT (-73.811476 40.764795)"
"306214613","05/10/2025","20:33:00","BRONX","OUTSIDE","40","0","STREET","GROCERY/BODEGA","N","<18","M","WHITE HISPANIC","25-44","M","BLACK","1,005,529","233,942","40.808777","-73.923131","POINT (-73.923131 40.808777)"
"298756519","01/01/2025","23:18:00","QUEENS","OUTSIDE","103","0","COMMERCIAL","BAR/NIGHT CLUB","N","(null)","(null)","(null)","<18","F","BLACK","1,036,944","194,475","40.700318","-73.809959","POINT (-73.809959 40.700318)"
"303829749","03/28/2025","14:29:00","STATEN ISLAND","OUTSIDE","120","0","STREET","(null)","Y","25-44","M","BLACK","25-44","M","WHITE HISPANIC","963,153","171,643","40.63777181","-74.07601437","POINT (-74.07601437 40.63777181)"
"302113753","03/05/2025","12:35:00","BRONX","OUTSIDE","42","0","STREET","(null)","N","<18","M","WHITE HISPANIC","25-44","M","BLACK","1,010,199","239,299","40.823467","-73.906241","POINT (-73.906241 40.823467)"
"307882015","06/10/2025","20:13:00","QUEENS","OUTSIDE","113","0","STREET","(null)","N","(null)","(null)","(null)","25-44","M","BLACK","1,042,275","185,994","40.677006","-73.790809","POINT (-73.790809 40.677006)"
"307067373","05/26/2025","23:59:00","BROOKLYN","OUTSIDE","67","0","STREET","(null)","N","(null)","(null)","(null)","25-44","M","BLACK","1,006,328","177,267","40.653215","-73.920431","POINT (-73.920431 40.653215)"
"306215083","05/10/2025","21:35:00","QUEENS","OUTSIDE","101","2","HOUSING","(null)","N","(null)","(null)","(null)","25-44","F","BLACK","1,044,121","155,673","40.59377","-73.784419","POINT (-73.784419 40.59377)"
"307680263","06/06/2025","16:15:00","BROOKLYN","OUTSIDE","77","0","STREET","MULTI DWELL - APT BUILD","N","(null)","(null)","(null)","18-24","M","BLACK","1,004,602","184,162","40.672144","-73.926631","POINT (-73.926631 40.672144)"
"300412112","02/01/2025","21:15:00","BRONX","OUTSIDE","47","2","HOUSING","MULTI DWELL - PUBLIC HOUS","N","18-24","M","BLACK","25-44","F","BLACK","1,030,929","260,796","40.882385","-73.831191","POINT (-73.831191 40.882385)"
"308146002","06/16/2025","15:41:00","BROOKLYN","OUTSIDE","75","2","HOUSING","MULTI DWELL - PUBLIC HOUS","N","<18","M","BLACK","<18","M","WHITE HISPANIC","1,016,886","179,405","40.659053","-73.88237","POINT (-73.88237 40.659053)"
"305404407","04/27/2025","01:48:00","BROOKLYN","OUTSIDE","75","0","STREET","(null)","N","25-44","M","BLACK","45-64","M","BLACK","1,022,363","184,334","40.67254891","-73.86260381","POINT (-73.86260381 40.67254891)"
"305252462","04/23/2025","16:54:00","BRONX","OUTSIDE","50","0","STREET","(null)","Y","18-24","M","BLACK","25-44","F","WHITE HISPANIC","1,011,704","255,784","40.868709","-73.900738","POINT (-73.900738 40.868709)"
"306613733","05/18/2025","03:54:00","QUEENS","OUTSIDE","110","0","STREET","(null)","N","25-44","M","BLACK","18-24","M","BLACK","1,016,250","208,615","40.739229","-73.884526","POINT (-73.884526 40.739229)"
"305036739","04/20/2025","06:35:00","BRONX","OUTSIDE","44","0","STREET","(null)","N","18-24","M","WHITE HISPANIC","18-24","M","WHITE HISPANIC","1,006,490","244,533","0","0","POINT (0 0)"
"298949942","01/03/2025","17:30:00","BRONX","OUTSIDE","44","0","STREET","(null)","N","25-44","M","BLACK HISPANIC","<18","M","WHITE HISPANIC","1,007,076","246,675","40.843722","-73.917502","POINT (-73.917502 40.843722)"
"298756517","01/01/2025","05:15:00","BRONX","OUTSIDE","44","0","STREET","(null)","Y","45-64","M","BLACK","18-24","M","BLACK","1,009,255","244,278","40.83712653","-73.90963478","POINT (-73.90963478 40.83712653)"
"298756516","01/01/2025","21:22:00","BRONX","OUTSIDE","40","2","HOUSING","MULTI DWELL - PUBLIC HOUS","N","(null)","(null)","(null)","<18","M","WHITE HISPANIC","1,005,407","235,915","40.814191","-73.923568","POINT (-73.923568 40.814191)"
"302818234","03/14/2025","16:24:00","MANHATTAN","OUTSIDE","32","0","STREET","(null)","N","18-24","M","BLACK","<18","M","BLACK","1,001,420","241,474","40.829459","-73.937956","POINT (-73.937956 40.829459)"
"307528851","06/04/2025","02:52:00","BROOKLYN","OUTSIDE","71","0","STREET","(null)","N","(null)","(null)","(null)","25-44","M","BLACK","995,255","178,879","40.65766","-73.960336","POINT (-73.960336 40.65766)"
"303898919","03/30/2025","16:10:00","BRONX","OUTSIDE","47","0","STREET","(null)","N","25-44","M","BLACK","25-44","M","BLACK","1,023,510","258,943","40.877335","-73.858031","POINT (-73.858031 40.877335)"
"300555969","02/04/2025","10:30:00","BROOKLYN","OUTSIDE","73","2","HOUSING","MULTI DWELL - APT BUILD","N","<18","M","BLACK","<18","M","BLACK","1,008,093","184,404","40.672802","-73.914047","POINT (-73.914047 40.672802)"
"302197816","03/06/2025","13:45:00","BRONX","INSIDE","40","2","HOUSING","MULTI DWELL - PUBLIC HOUS","N","18-24","M","BLACK","25-44","M","BLACK","1,005,945","235,372","40.812701","-73.921625","POINT (-73.921625 40.812701)"
"304882359","04/16/2025","19:51:00","BRONX","OUTSIDE","40","0","STREET","(null)","N","(null)","(null)","(null)","25-44","M","BLACK","1,010,740","237,209","40.817729","-73.904295","POINT (-73.904295 40.817729)"
"308658623","06/25/2025","22:20:00","BROOKLYN","OUTSIDE","78","0","STREET","(null)","Y","(null)","(null)","(null)","25-44","F","BLACK","992,342","187,609","40.68161639","-73.97082463","POINT (-73.97082463 40.68161639)"
"305637547","04/30/2025","22:00:00","BROOKLYN","OUTSIDE","73","0","STREET","(null)","N","25-44","M","BLACK","18-24","M","BLACK","1,008,608","178,434","40.656413","-73.912211","POINT (-73.912211 40.656413)"
"306651416","05/18/2025","18:45:00","BRONX","OUTSIDE","46","0","STREET","(null)","Y","(null)","(null)","(null)","45-64","M","BLACK","1,013,673","252,644","40.860085","-73.89363","POINT (-73.89363 40.860085)"
"304666142","04/13/2025","01:08:00","BRONX","OUTSIDE","42","0","STREET","(null)","N","(null)","(null)","(null)","25-44","M","WHITE HISPANIC","1,013,027","245,098","40.839376","-73.896001","POINT (-73.896001 40.839376)"
"303630518","03/25/2025","18:00:00","BROOKLYN","OUTSIDE","67","0","STREET","(null)","N","(null)","(null)","(null)","18-24","M","BLACK","1,004,444","180,520","40.662148","-73.927212","POINT (-73.927212 40.662148)"
"308800535","06/28/2025","15:53:00","BRONX","OUTSIDE","44","0","STREET","(null)","N","(null)","(null)","(null)","25-44","M","WHITE HISPANIC","1,008,787","247,061","40.844776","-73.911317","POINT (-73.911317 40.844776)"
"308355727","06/19/2025","16:21:00","BROOKLYN","OUTSIDE","67","0","STREET","(null)","Y","(null)","(null)","(null)","25-44","M","BLACK","997,843","175,671","0","0","POINT (0 0)"
"308590523","06/24/2025","20:51:00","BRONX","OUTSIDE","43","0","(null)","(null)","Y","(null)","(null)","(null)","<18","M","BLACK","1,016,565","243,075","40.83380093","-73.88322309","POINT (-73.88322309 40.83380093)"
"306610278","05/17/2025","17:49:00","MANHATTAN","OUTSIDE","23","0","STREET","(null)","Y","18-24","M","BLACK","<18","M","BLACK","1,000,275","229,995","40.79794458","-73.94212156","POINT (-73.94212156 40.79794458)"
"306106327","05/09/2025","03:17:00","BROOKLYN","OUTSIDE","78","0","PLAYGROUND","(null)","N","18-24","M","BLACK","25-44","M","BLACK","988,044","187,270","40.680699","-73.98632","POINT (-73.98632 40.680699)"
"306554262","05/16/2025","17:35:00","BROOKLYN","OUTSIDE","77","0","STREET","(null)","N","(null)","(null)","(null)","25-44","M","BLACK","1,002,693","184,461","40.672969","-73.933512","POINT (-73.933512 40.672969)"
"308455428","06/22/2025","05:35:00","BROOKLYN","OUTSIDE","73","0","STREET","(null)","N","(null)","(null)","(null)","25-44","M","BLACK","1,008,949","180,854","40.663054","-73.910972","POINT (-73.910972 40.663054)"
"306298652","05/12/2025","17:00:00","BRONX","OUTSIDE","42","0","STREET","(null)","Y","<18","M","WHITE HISPANIC","<18","F","BLACK","1,011,823","240,885","40.827815","-73.900368","POINT (-73.900368 40.827815)"
"298909832","01/04/2025","14:56:00","BRONX","OUTSIDE","48","0","STREET","(null)","N","25-44","M","BLACK","25-44","F","BLACK","1,016,521","248,056","40.847483","-73.883357","POINT (-73.883357 40.847483)"
"301745796","02/26/2025","13:43:00","BRONX","OUTSIDE","47","0","STREET","(null)","N","<18","M","BLACK","18-24","M","BLACK","1,027,595","264,660","40.893009","-73.843223","POINT (-73.843223 40.893009)"
"300189409","01/28/2025","17:50:00","BROOKLYN","OUTSIDE","71","0","STREET","(null)","Y","(null)","(null)","(null)","18-24","M","BLACK","999,019","180,685","40.662613","-73.946765","POINT (-73.946765 40.662613)"
"306369562","05/13/2025","16:42:00","BRONX","OUTSIDE","42","0","STREET","(null)","N","(null)","(null)","(null)","<18","M","BLACK","1,008,756","239,468","40.82392587","-73.91145567","POINT (-73.91145567 40.82392587)"
"304022767","04/01/2025","15:30:00","BRONX","OUTSIDE","48","0","STREET","(null)","Y","25-44","M","WHITE HISPANIC","25-44","M","WHITE HISPANIC","1,016,830","249,479","40.851386","-73.882234","POINT (-73.882234 40.851386)"
"308478573","06/22/2025","07:07:00","BRONX","OUTSIDE","41","2","HOUSING","MULTI DWELL - PUBLIC HOUS","N","25-44","M","WHITE HISPANIC","45-64","M","WHITE HISPANIC","1,014,999","237,381","40.818188","-73.888909","POINT (-73.888909 40.818188)"
"306906891","05/23/2025","02:16:00","BROOKLYN","OUTSIDE","75","0","STREET","(null)","N","25-44","M","WHITE HISPANIC","25-44","M","BLACK","1,019,102","188,511","40.684037","-73.874337","POINT (-73.874337 40.684037)"
"299070750","01/07/2025","18:33:00","BRONX","OUTSIDE","40","0","STREET","(null)","N","(null)","(null)","(null)","18-24","M","BLACK","1,006,184","233,270","40.806931","-73.920768","POINT (-73.920768 40.806931)"
"305637545","04/30/2025","22:40:00","QUEENS","OUTSIDE","103","0","STREET","(null)","N","<18","M","WHITE HISPANIC","18-24","M","WHITE HISPANIC","1,041,743","198,016","40.70999809","-73.79262296","POINT (-73.79262296 40.70999809)"
"306610276","05/17/2025","21:57:00","BROOKLYN","OUTSIDE","75","0","STREET","(null)","Y","18-24","M","WHITE HISPANIC","18-24","F","BLACK","1,014,679","179,606","40.65961","-73.890327","POINT (-73.890327 40.65961)"
"300261482","01/29/2025","18:15:00","MANHATTAN","OUTSIDE","25","0","STREET","(null)","N","(null)","(null)","(null)","25-44","M","WHITE HISPANIC","1,002,275","233,608","40.807866","-73.934886","POINT (-73.934886 40.807866)"
"307259944","05/29/2025","00:21:00","QUEENS","OUTSIDE","101","0","STREET","(null)","Y","25-44","M","BLACK","25-44","M","BLACK","1,053,092","158,139","40.60046388","-73.75209442","POINT (-73.75209442 40.60046388)"
"308005978","06/12/2025","21:20:00","BRONX","OUTSIDE","42","0","STREET","(null)","Y","25-44","M","ASIAN / PACIFIC ISLANDER","45-64","M","BLACK","1,011,512","242,249","40.831562","-73.901486","POINT (-73.901486 40.831562)"
"302206261","03/06/2025","22:56:00","BROOKLYN","OUTSIDE","73","0","STREET","(null)","N","45-64","M","BLACK","25-44","M","BLACK","1,008,245","183,796","0","0","POINT (0 0)"
"306856917","05/22/2025","03:43:00","BROOKLYN","OUTSIDE","63","0","STREET","MULTI DWELL - APT BUILD","N","45-64","M","BLACK","25-44","M","BLACK","1,006,716","164,534","40.618266","-73.919077","POINT (-73.919077 40.618266)"
"300044046","01/26/2025","04:18:00","BROOKLYN","OUTSIDE","75","0","STREET","(null)","N","<18","M","WHITE HISPANIC","25-44","M","WHITE HISPANIC","1,018,471","187,914","40.68239109","-73.87661615","POINT (-73.87661615 40.68239109)"
"298877583","01/03/2025","19:33:00","BROOKLYN","OUTSIDE","60","0","STREET","(null)","N","25-44","M","BLACK","25-44","M","BLACK","985,975","148,995","40.575643","-73.99379","POINT (-73.99379 40.575643)"
"308510109","06/23/2025","11:31:00","BRONX","OUTSIDE","47","0","STREET","(null)","N","(null)","(null)","(null)","25-44","M","BLACK","1,024,846","257,597","40.873635","-73.85321","POINT (-73.85321 40.873635)"
"305637547","04/30/2025","22:00:00","BROOKLYN","OUTSIDE","73","0","STREET","(null)","N","18-24","M","BLACK","25-44","M","BLACK","1,008,608","178,434","40.656413","-73.912211","POINT (-73.912211 40.656413)"
"305404408","04/27/2025","03:40:00","MANHATTAN","OUTSIDE","30","0","STREET","(null)","N","25-44","M","BLACK","25-44","M","BLACK","999,790","241,169","0","0","POINT (0 0)"
"305806062","05/03/2025","13:37:00","MANHATTAN","OUTSIDE","32","0","STREET","(null)","N","(null)","(null)","(null)","45-64","F","BLACK","999,317","235,389","40.81275131","-73.94556952","POINT (-73.94556952 40.81275131)"
"305404405","04/26/2025","20:54:00","QUEENS","OUTSIDE","114","2","HOUSING","MULTI DWELL - PUBLIC HOUS","N","25-44","M","BLACK","25-44","M","BLACK","1,001,899","221,193","40.773793","-73.936281","POINT (-73.936281 40.773793)"
"308408221","06/20/2025","19:06:00","QUEENS","OUTSIDE","104","0","STREET","(null)","N","25-44","M","WHITE HISPANIC","25-44","M","BLACK","1,013,701","195,936","0","0","POINT (0 0)"
"305764953","05/02/2025","23:09:00","BROOKLYN","OUTSIDE","79","0","STREET","MULTI DWELL - APT BUILD","N","(null)","(null)","(null)","18-24","M","BLACK","1,000,381","192,386","40.694727","-73.941829","POINT (-73.941829 40.694727)"
"308096531","06/15/2025","04:45:00","BRONX","OUTSIDE","52","0","STREET","(null)","N","(null)","(null)","(null)","25-44","M","BLACK","1,018,056","262,031","40.885834","-73.877738","POINT (-73.877738 40.885834)"
"303338555","03/20/2025","16:05:00","BRONX","INSIDE","47","0","DWELLING","MULTI DWELL - APT BUILD","Y","18-24","M","BLACK","25-44","M","BLACK","1,026,783","262,923","40.888244","-73.846171","POINT (-73.846171 40.888244)"
"307034263","05/26/2025","02:33:00","BROOKLYN","OUTSIDE","79","0","STREET","(null)","Y","(null)","(null)","(null)","18-24","M","BLACK","998,728","192,685","40.695549","-73.947788","POINT (-73.947788 40.695549)"
"306159871","05/09/2025","20:30:00","MANHATTAN","OUTSIDE","5","2","HOUSING","MULTI DWELL - PUBLIC HOUS","Y","25-44","M","BLACK HISPANIC","25-44","M","BLACK","984,021","198,160","40.710589","-74.000827","POINT (-74.000827 40.710589)"
"301377739","02/19/2025","17:48:00","BRONX","OUTSIDE","44","0","STREET","(null)","N","(null)","(null)","(null)","18-24","M","BLACK HISPANIC","1,007,784","240,375","40.826428","-73.914965","POINT (-73.914965 40.826428)"
"305163494","04/22/2025","22:27:00","MANHATTAN","OUTSIDE","28","0","STREET","(null)","Y","18-24","M","BLACK","18-24","M","BLACK","997,853","230,889","40.800413","-73.950866","POINT (-73.950866 40.800413)"
"304789869","04/15/2025","11:00:00","BRONX","OUTSIDE","50","0","STREET","(null)","N","18-24","M","BLACK","18-24","M","BLACK","1,011,732","257,490","40.873392","-73.900629","POINT (-73.900629 40.873392)"
"300999026","02/12/2025","06:13:00","BRONX","OUTSIDE","43","0","(null)","(null)","N","(null)","(null)","(null)","18-24","M","BLACK HISPANIC","1,020,496","243,568","40.83515","-73.869013","POINT (-73.869013 40.83515)"
"307892883","06/10/2025","23:35:00","BROOKLYN","OUTSIDE","88","0","HOUSING","MULTI DWELL - PUBLIC HOUS","N","(null)","(null)","(null)","25-44","M","BLACK","990,900","192,208","40.694251","-73.976019","POINT (-73.976019 40.694251)"
"305163494","04/22/2025","22:27:00","MANHATTAN","OUTSIDE","28","0","STREET","(null)","N","18-24","M","BLACK","45-64","F","BLACK","997,853","230,889","40.800413","-73.950866","POINT (-73.950866 40.800413)"
"308517352","06/23/2025","14:36:00","QUEENS","OUTSIDE","113","0","STREET","(null)","Y","45-64","M","BLACK","45-64","F","BLACK","1,048,273","188,365","40.683473","-73.769162","POINT (-73.769162 40.683473)"
"308312284","06/18/2025","17:30:00","QUEENS","OUTSIDE","116","0","STREET","(null)","N","(null)","(null)","(null)","25-44","M","BLACK","1,057,108","186,365","40.677916","-73.737329","POINT (-73.737329 40.677916)"
"307386905","06/01/2025","16:10:00","MANHATTAN","OUTSIDE","7","0","STREET","(null)","N","(null)","(null)","(null)","25-44","M","BLACK","988,082","200,814","40.717872","-73.986177","POINT (-73.986177 40.717872)"
"304923534","04/17/2025","13:30:00","BRONX","OUTSIDE","47","0","STREET","GROCERY/BODEGA","Y","18-24","M","BLACK","18-24","M","BLACK","1,023,616","260,168","40.880696","-73.857641","POINT (-73.857641 40.880696)"
"301565780","02/23/2025","19:50:00","BRONX","OUTSIDE","49","0","STREET","(null)","N","(null)","(null)","(null)","25-44","M","BLACK","1,020,860","251,009","40.855571","-73.86766","POINT (-73.86766 40.855571)"
"301320655","02/18/2025","08:18:00","MANHATTAN","INSIDE","7","2","HOUSING","MULTI DWELL - PUBLIC HOUS","N","25-44","M","WHITE HISPANIC","45-64","M","BLACK","989,138","199,179","40.713385","-73.982369","POINT (-73.982369 40.713385)"
"305252462","04/23/2025","16:54:00","BRONX","OUTSIDE","50","0","STREET","(null)","N","<18","M","WHITE HISPANIC","25-44","M","WHITE","1,011,704","255,784","40.868709","-73.900738","POINT (-73.900738 40.868709)"
"303898920","03/30/2025","22:50:00","BROOKLYN","INSIDE","75","0","DWELLING","MULTI DWELL - APT BUILD","N","(null)","(null)","(null)","65+","M","BLACK","1,014,285","185,709","40.676364","-73.891718","POINT (-73.891718 40.676364)"
"300771165","02/07/2025","16:55:00","BROOKLYN","OUTSIDE","70","0","STREET","(null)","N","25-44","F","BLACK","25-44","M","BLACK","995,904","177,892","40.654952","-73.958","POINT (-73.958 40.654952)"
"308717968","06/26/2025","22:40:00","BROOKLYN","OUTSIDE","69","0","STREET","(null)","N","(null)","(null)","(null)","25-44","M","BLACK","1,012,575","171,356","40.636975","-73.897943","POINT (-73.897943 40.636975)"
"298756519","01/01/2025","23:18:00","QUEENS","OUTSIDE","103","0","COMMERCIAL","BAR/NIGHT CLUB","N","(null)","(null)","(null)","<18","M","BLACK","1,036,944","194,475","40.700318","-73.809959","POINT (-73.809959 40.700318)"
"307246929","05/29/2025","15:09:00","MANHATTAN","OUTSIDE","28","2","HOUSING","MULTI DWELL - PUBLIC HOUS","N","(null)","(null)","(null)","18-24","M","BLACK","998,115","230,303","40.798802","-73.949922","POINT (-73.949922 40.798802)"
"305918735","05/06/2025","08:57:00","BRONX","OUTSIDE","41","2","HOUSING","(null)","N","25-44","M","BLACK HISPANIC","25-44","M","BLACK","1,015,160","237,028","40.817218","-73.888327","POINT (-73.888327 40.817218)"
"305034042","04/19/2025","22:14:00","BRONX","OUTSIDE","43","0","HOUSING","MULTI DWELL - PUBLIC HOUS","N","(null)","(null)","(null)","45-64","M","BLACK","1,020,219","239,110","0","0","POINT (0 0)"
"298909834","01/04/2025","22:35:00","BRONX","OUTSIDE","47","0","STREET","(null)","N","45-64","M","BLACK","25-44","M","AMERICAN INDIAN/ALASKAN NATIVE","1,023,206","263,661","40.890286","-73.859106","POINT (-73.859106 40.890286)"
"299453928","01/14/2025","19:06:00","BROOKLYN","OUTSIDE","81","0","STREET","(null)","N","(null)","(null)","(null)","25-44","F","BLACK","1,003,654","187,147","40.68034","-73.930039","POINT (-73.930039 40.68034)"
"304863318","04/16/2025","18:34:00","BRONX","OUTSIDE","48","0","STREET","(null)","Y","18-24","M","BLACK","25-44","M","BLACK","1,014,085","250,720","40.854801","-73.892152","POINT (-73.892152 40.854801)"
"306214612","05/10/2025","16:18:00","QUEENS","OUTSIDE","113","2","HOUSING","MULTI DWELL - PUBLIC HOUS","N","18-24","M","BLACK","18-24","M","BLACK","1,044,258","189,029","40.685325","-73.783631","POINT (-73.783631 40.685325)"
"308517351","06/23/2025","15:55:00","BROOKLYN","OUTSIDE","73","0","STREET","(null)","N","(null)","(null)","(null)","25-44","M","BLACK","1,007,588","179,461","40.659233","-73.915885","POINT (-73.915885 40.659233)"
"307442124","06/02/2025","21:55:00","BROOKLYN","INSIDE","83","0","DWELLING","MULTI DWELL - APT BUILD","Y","(null)","(null)","(null)","45-64","M","BLACK","1,007,689","191,193","40.691437","-73.915478","POINT (-73.915478 40.691437)"
"308261626","06/18/2025","01:59:00","BROOKLYN","OUTSIDE","75","0","DWELLING","PVT HOUSE","N","(null)","(null)","(null)","18-24","M","WHITE HISPANIC","1,020,165","188,886","40.685062","-73.870501","POINT (-73.870501 40.685062)"
"299382241","01/13/2025","21:15:00","MANHATTAN","OUTSIDE","30","0","STREET","(null)","N","18-24","M","BLACK","25-44","M","BLACK HISPANIC","997,512","239,558","40.824207","-73.95208","POINT (-73.95208 40.824207)"
"301565779","02/23/2025","23:41:00","BRONX","INSIDE","43","0","DWELLING","MULTI DWELL - APT BUILD","N","18-24","M","BLACK","45-64","F","WHITE HISPANIC","1,024,656","245,412","40.840191","-73.85397","POINT (-73.85397 40.840191)"
"306616572","05/18/2025","06:52:00","BRONX","OUTSIDE","47","0","STREET","(null)","N","45-64","M","BLACK","25-44","F","BLACK","1,025,439","258,185","40.875245","-73.851062","POINT (-73.851062 40.875245)"
"303806896","03/28/2025","05:30:00","BRONX","OUTSIDE","43","0","DWELLING","MULTI DWELL - APT BUILD","N","45-64","F","BLACK","25-44","M","BLACK HISPANIC","1,024,906","238,243","40.820514","-73.85311","POINT (-73.85311 40.820514)"
"305637546","04/30/2025","22:33:00","BROOKLYN","OUTSIDE","75","0","STREET","(null)","N","25-44","M","WHITE HISPANIC","25-44","M","WHITE HISPANIC","1,019,318","184,803","40.673859","-73.873576","POINT (-73.873576 40.673859)"
"305764954","05/03/2025","02:22:00","BRONX","OUTSIDE","40","2","HOUSING","MULTI DWELL - PUBLIC HOUS","N","(null)","(null)","(null)","25-44","M","WHITE HISPANIC","1,010,515","236,824","40.816674","-73.905109","POINT (-73.905109 40.816674)"
"305372450","04/26/2025","03:56:00","QUEENS","OUTSIDE","114","0","STREET","(null)","N","25-44","F","BLACK","25-44","M","ASIAN / PACIFIC ISLANDER","1,009,113","219,613","40.76942832","-73.91023928","POINT (-73.91023928 40.76942832)"
"299948481","01/23/2025","22:10:00","BROOKLYN","OUTSIDE","75","0","STREET","(null)","N","(null)","(null)","(null)","25-44","M","BLACK","1,014,109","180,072","40.660892","-73.892377","POINT (-73.892377 40.660892)"
"304221983","04/05/2025","02:30:00","BROOKLYN","INSIDE","61","2","HOUSING","(null)","Y","25-44","M","BLACK","25-44","M","BLACK","1,001,807","156,562","40.596395","-73.93678","POINT (-73.93678 40.596395)"
"303231197","03/19/2025","00:20:00","BRONX","OUTSIDE","52","0","STREET","(null)","N","45-64","M","WHITE HISPANIC","25-44","M","BLACK","1,013,654","255,157","40.866982","-73.893691","POINT (-73.893691 40.866982)"
"305252462","04/23/2025","16:54:00","BRONX","OUTSIDE","50","0","STREET","(null)","N","<18","M","WHITE HISPANIC","25-44","F","WHITE HISPANIC","1,011,704","255,784","40.868709","-73.900738","POINT (-73.900738 40.868709)"
"301313414","02/18/2025","15:42:00","BRONX","OUTSIDE","40","0","STREET","(null)","N","(null)","(null)","(null)","<18","M","BLACK","1,006,343","234,269","40.809673","-73.920192","POINT (-73.920192 40.809673)"
"301377740","02/13/2025","19:20:00","BROOKLYN","OUTSIDE","75","0","COMMERCIAL","STORE UNCLASSIFIED","N","(null)","(null)","(null)","18-24","M","BLACK","1,015,480","181,597","40.665074","-73.887429","POINT (-73.887429 40.665074)"
"305304922","04/24/2025","22:55:00","QUEENS","OUTSIDE","101","0","STREET","(null)","N","(null)","(null)","(null)","<18","M","BLACK","1,051,499","161,161","40.60877086","-73.75780082","POINT (-73.75780082 40.60877086)"
"299470064","01/15/2025","01:00:00","MANHATTAN","OUTSIDE","34","0","STREET","(null)","N","45-64","M","WHITE HISPANIC","25-44","M","WHITE HISPANIC","1,003,614","255,446","40.86779354","-73.92998844","POINT (-73.92998844 40.86779354)"
"298949942","01/03/2025","17:30:00","BRONX","OUTSIDE","44","0","STREET","(null)","Y","25-44","M","BLACK HISPANIC","<18","M","BLACK","1,007,076","246,675","40.843722","-73.917502","POINT (-73.917502 40.843722)"
"306234142","05/11/2025","15:02:00","BROOKLYN","OUTSIDE","73","0","STREET","(null)","N","(null)","(null)","(null)","25-44","M","BLACK","1,007,234","179,933","40.660532","-73.917158","POINT (-73.917158 40.660532)"
"305163494","04/22/2025","22:27:00","MANHATTAN","OUTSIDE","28","0","STREET","(null)","N","18-24","M","BLACK","18-24","M","BLACK","997,853","230,889","40.800413","-73.950866","POINT (-73.950866 40.800413)"
"298756517","01/01/2025","05:15:00","BRONX","OUTSIDE","44","0","STREET","(null)","N","45-64","M","BLACK","45-64","M","BLACK","1,009,255","244,278","40.83712653","-73.90963478","POINT (-73.90963478 40.83712653)"
"302818234","03/14/2025","16:24:00","MANHATTAN","OUTSIDE","32","0","STREET","(null)","N","18-24","M","BLACK HISPANIC","<18","M","BLACK","1,001,420","241,474","40.829459","-73.937956","POINT (-73.937956 40.829459)"
"305036739","04/20/2025","06:35:00","BRONX","OUTSIDE","44","0","STREET","(null)","N","18-24","M","BLACK HISPANIC","25-44","M","WHITE HISPANIC","1,006,490","244,533","0","0","POINT (0 0)"
"299329906","01/12/2025","23:00:00","BRONX","INSIDE","43","0","DWELLING","MULTI DWELL - APT BUILD","N","18-24","M","BLACK","25-44","M","BLACK HISPANIC","1,018,624","241,852","40.830446","-73.875789","POINT (-73.875789 40.830446)"
"305570207","04/29/2025","14:30:00","BRONX","INSIDE","48","0","DWELLING","MULTI DWELL - APT BUILD","Y","25-44","M","BLACK","25-44","M","BLACK","1,017,336","246,011","40.841865","-73.880423","POINT (-73.880423 40.841865)"
"303301268","03/20/2025","08:00:00","BROOKLYN","OUTSIDE","83","2","HOUSING","MULTI DWELL - PUBLIC HOUS","N","25-44","M","WHITE HISPANIC","25-44","M","WHITE HISPANIC","1,006,935","193,011","40.696427","-73.918193","POINT (-73.918193 40.696427)"
"300197279","01/28/2025","15:30:00","BROOKLYN","INSIDE","67","0","DWELLING","MULTI DWELL - APT BUILD","N","(null)","(null)","(null)","<18","M","BLACK","1,004,499","180,655","40.662519","-73.927012","POINT (-73.927012 40.662519)"
"307142686","05/09/2025","09:01:00","BRONX","OUTSIDE","52","0","STREET","(null)","N","25-44","M","BLACK","25-44","F","BLACK","1,010,447","252,191","40.858851","-73.905297","POINT (-73.905297 40.858851)"
"298756519","01/01/2025","23:18:00","QUEENS","OUTSIDE","103","0","COMMERCIAL","BAR/NIGHT CLUB","N","(null)","(null)","(null)","18-24","F","BLACK","1,036,944","194,475","40.700318","-73.809959","POINT (-73.809959 40.700318)"
"308717967","06/25/2025","16:55:00","QUEENS","INSIDE","103","0","DWELLING","MULTI DWELL - APT BUILD","Y","<18","M","BLACK","<18","M","BLACK","1,039,987","196,083","40.704713","-73.798973","POINT (-73.798973 40.704713)"
"308590516","06/24/2025","21:00:00","QUEENS","OUTSIDE","100","0","STREET","(null)","N","(null)","(null)","(null)","25-44","M","BLACK","1,041,025","153,312","40.58730029","-73.79558904","POINT (-73.79558904 40.58730029)"
"305054141","04/20/2025","13:50:00","BRONX","OUTSIDE","40","2","HOUSING","MULTI DWELL - PUBLIC HOUS","Y","18-24","M","WHITE HISPANIC","25-44","M","BLACK","1,005,945","235,372","40.812701","-73.921625","POINT (-73.921625 40.812701)"
"303478971","03/22/2025","22:55:00","STATEN ISLAND","OUTSIDE","121","0","STREET","(null)","N","(null)","(null)","(null)","25-44","M","BLACK","939,190","171,509","40.637325","-74.162356","POINT (-74.162356 40.637325)"
"302312792","03/07/2025","18:15:00","BROOKLYN","OUTSIDE","79","0","STREET","(null)","Y","(null)","(null)","(null)","18-24","M","BLACK","998,617","186,863","40.679569","-73.948203","POINT (-73.948203 40.679569)"
"307338431","05/31/2025","16:44:00","BROOKLYN","OUTSIDE","81","2","HOUSING","MULTI DWELL - PUBLIC HOUS","N","(null)","(null)","(null)","<18","F","BLACK","1,005,072","186,682","40.679061","-73.924931","POINT (-73.924931 40.679061)"
"306651416","05/18/2025","18:45:00","BRONX","OUTSIDE","46","0","STREET","(null)","N","(null)","(null)","(null)","45-64","M","BLACK","1,013,673","252,644","40.860085","-73.89363","POINT (-73.89363 40.860085)"
"304800342","04/15/2025","22:50:00","BRONX","OUTSIDE","48","0","STREET","(null)","Y","(null)","(null)","(null)","25-44","M","WHITE HISPANIC","1,014,916","247,516","40.846007","-73.889163","POINT (-73.889163 40.846007)"
"308510108","06/23/2025","01:57:00","BRONX","OUTSIDE","42","0","STREET","(null)","N","(null)","(null)","(null)","18-24","M","BLACK HISPANIC","1,010,208","240,349","40.826351","-73.906207","POINT (-73.906207 40.826351)"
"304555922","04/10/2025","20:15:00","BROOKLYN","OUTSIDE","73","2","HOUSING","MULTI DWELL - PUBLIC HOUS","N","18-24","M","BLACK","18-24","M","BLACK","1,010,830","181,517","40.664869","-73.904191","POINT (-73.904191 40.664869)"
"306651766","05/18/2025","23:43:00","MANHATTAN","OUTSIDE","28","0","STREET","(null)","Y","18-24","M","BLACK","25-44","M","BLACK","997,566","234,085","40.809184","-73.951896","POINT (-73.951896 40.809184)"
"303630517","03/25/2025","14:22:00","BROOKLYN","INSIDE","83","2","HOUSING","MULTI DWELL - PUBLIC HOUS","N","18-24","M","BLACK","<18","M","BLACK","1,006,631","192,819","40.695902","-73.919289","POINT (-73.919289 40.695902)"
"304361735","04/07/2025","23:44:00","MANHATTAN","OUTSIDE","34","0","STREET","(null)","N","(null)","(null)","(null)","25-44","M","BLACK HISPANIC","1,003,970","251,215","40.85617993","-73.92871375","POINT (-73.92871375 40.85617993)"
"306613733","05/18/2025","03:54:00","QUEENS","OUTSIDE","110","0","STREET","(null)","N","18-24","M","BLACK","18-24","F","BLACK","1,016,250","208,615","40.739229","-73.884526","POINT (-73.884526 40.739229)"
"305930898","05/06/2025","14:56:00","BRONX","INSIDE","48","0","COMMERCIAL","GROCERY/BODEGA","N","(null)","(null)","(null)","25-44","M","BLACK","1,016,874","245,380","40.840135","-73.882097","POINT (-73.882097 40.840135)"
"301479775","02/21/2025","07:05:00","BROOKLYN","OUTSIDE","67","0","DWELLING","MULTI DWELL - APT BUILD","N","18-24","M","BLACK","18-24","M","BLACK HISPANIC","997,703","178,036","40.655344","-73.951514","POINT (-73.951514 40.655344)"
"303772633","03/27/2025","11:15:00","MANHATTAN","OUTSIDE","25","0","STREET","(null)","N","18-24","M","BLACK","25-44","M","WHITE","1,000,482","230,365","40.79897","-73.941374","POINT (-73.941374 40.79897)"
"306214612","05/10/2025","16:18:00","QUEENS","OUTSIDE","113","2","HOUSING","MULTI DWELL - PUBLIC HOUS","N","18-24","M","BLACK HISPANIC","18-24","M","BLACK","1,044,258","189,029","40.685325","-73.783631","POINT (-73.783631 40.685325)"
"299382241","01/13/2025","21:15:00","MANHATTAN","OUTSIDE","30","0","STREET","(null)","N","18-24","M","BLACK HISPANIC","25-44","M","BLACK HISPANIC","997,512","239,558","40.824207","-73.95208","POINT (-73.95208 40.824207)"
"305128574","04/22/2025","04:11:00","BROOKLYN","OUTSIDE","67","0","STREET","(null)","N","(null)","(null)","(null)","25-44","M","BLACK","997,992","176,370","40.65077","-73.950476","POINT (-73.950476 40.65077)"
"305637547","04/30/2025","22:00:00","BROOKLYN","OUTSIDE","73","0","STREET","(null)","N","25-44","M","BLACK","25-44","M","BLACK","1,008,608","178,434","40.656413","-73.912211","POINT (-73.912211 40.656413)"
"304022768","04/01/2025","23:09:00","BRONX","INSIDE","47","0","DWELLING","(null)","Y","25-44","M","BLACK","25-44","F","WHITE HISPANIC","1,026,834","259,300","40.8783","-73.846009","POINT (-73.846009 40.8783)"
"307244288","05/29/2025","13:19:00","BRONX","OUTSIDE","43","0","OTHER","(null)","N","45-64","M","BLACK HISPANIC","65+","M","WHITE HISPANIC","1,024,045","243,057","40.833731","-73.856193","POINT (-73.856193 40.833731)"
"307581455","06/04/2025","21:33:00","BRONX","OUTSIDE","41","0","STREET","(null)","N","25-44","M","BLACK","25-44","M","BLACK","1,013,340","238,793","40.822069","-73.894895","POINT (-73.894895 40.822069)"
"306214613","05/10/2025","20:33:00","BRONX","OUTSIDE","40","0","STREET","GROCERY/BODEGA","Y","<18","M","WHITE HISPANIC","25-44","F","WHITE HISPANIC","1,005,529","233,942","40.808777","-73.923131","POINT (-73.923131 40.808777)"
"303132108","03/18/2025","23:00:00","BROOKLYN","OUTSIDE","70","0","STREET","(null)","N","25-44","M","BLACK","25-44","M","BLACK","994,512","177,707","40.654446","-73.963015","POINT (-73.963015 40.654446)"
"308045739","06/13/2025","19:16:00","BROOKLYN","OUTSIDE","75","2","HOUSING","MULTI DWELL - PUBLIC HOUS","N","25-44","M","BLACK","25-44","M","ASIAN / PACIFIC ISLANDER","1,020,186","182,547","40.667662","-73.87046","POINT (-73.87046 40.667662)"
"300361353","01/31/2025","20:17:00","MANHATTAN","OUTSIDE","32","2","HOUSING","MULTI DWELL - PUBLIC HOUS","N","18-24","M","BLACK","18-24","M","BLACK","998,424","234,705","40.810886","-73.948795","POINT (-73.948795 40.810886)"
"301080543","02/13/2025","01:10:00","BROOKLYN","OUTSIDE","67","0","STREET","(null)","Y","45-64","M","BLACK","25-44","M","BLACK","1,008,969","175,797","40.649174","-73.910919","POINT (-73.910919 40.649174)"
"300450100","02/02/2025","22:30:00","QUEENS","OUTSIDE","102","0","STREET","(null)","N","(null)","(null)","(null)","25-44","M","ASIAN / PACIFIC ISLANDER","1,022,122","187,487","40.681213","-73.863454","POINT (-73.863454 40.681213)"
"307945955","06/11/2025","21:09:00","QUEENS","INSIDE","109","2","HOUSING","MULTI DWELL - PUBLIC HOUS","N","45-64","M","BLACK","25-44","M","BLACK","1,031,019","218,351","40.765885","-73.831162","POINT (-73.831162 40.765885)"
"300131383","01/27/2025","16:30:00","QUEENS","INSIDE","107","0","DWELLING","MULTI DWELL - APT BUILD","Y","(null)","(null)","(null)","18-24","M","BLACK","1,051,246","203,301","40.724446","-73.758293","POINT (-73.758293 40.724446)"
"308355727","06/19/2025","16:21:00","BROOKLYN","OUTSIDE","67","0","STREET","(null)","N","(null)","(null)","(null)","25-44","M","BLACK","997,843","175,671","0","0","POINT (0 0)"
"308717968","06/26/2025","22:40:00","BROOKLYN","OUTSIDE","69","0","STREET","(null)","Y","(null)","(null)","(null)","18-24","M","BLACK","1,012,575","171,356","40.636975","-73.897943","POINT (-73.897943 40.636975)"
"301178229","02/16/2025","03:11:00","BROOKLYN","INSIDE","88","0","COMMERCIAL","BAR/NIGHT CLUB","Y","25-44","M","BLACK","25-44","M","WHITE HISPANIC","993,966","187,469","40.68124","-73.964968","POINT (-73.964968 40.68124)"
"301321141","02/14/2025","22:00:00","STATEN ISLAND","OUTSIDE","120","0","STREET","(null)","N","(null)","(null)","(null)","25-44","M","BLACK","955,760","164,018","40.616831","-74.102618","POINT (-74.102618 40.616831)"
"305034044","04/19/2025","22:19:00","BROOKLYN","OUTSIDE","67","0","COMMERCIAL","SMALL MERCHANT","N","25-44","M","BLACK","45-64","M","BLACK","1,003,890","172,805","40.640973","-73.929232","POINT (-73.929232 40.640973)"
"307442124","06/02/2025","21:55:00","BROOKLYN","INSIDE","83","0","DWELLING","MULTI DWELL - APT BUILD","N","(null)","(null)","(null)","45-64","M","BLACK","1,007,689","191,193","40.691437","-73.915478","POINT (-73.915478 40.691437)"
"307299375","05/30/2025","12:42:00","BRONX","OUTSIDE","42","0","STREET","(null)","Y","(null)","(null)","(null)","18-24","M","BLACK","1,013,027","245,098","40.839376","-73.896001","POINT (-73.896001 40.839376)"
"304199343","04/04/2025","16:21:00","BROOKLYN","OUTSIDE","94","2","HOUSING","(null)","N","18-24","M","BLACK","18-24","M","BLACK","1,000,776","200,903","40.718104","-73.940383","POINT (-73.940383 40.718104)"
"304768635","04/15/2025","02:00:00","BROOKLYN","INSIDE","79","0","HOUSING","MULTI DWELL - PUBLIC HOUS","N","(null)","(null)","(null)","18-24","M","BLACK","998,273","193,028","40.696493","-73.949429","POINT (-73.949429 40.696493)"
"304666375","04/13/2025","04:47:00","BRONX","OUTSIDE","45","0","STREET","(null)","Y","(null)","(null)","(null)","18-24","M","WHITE HISPANIC","1,034,433","236,681","40.816178","-73.818701","POINT (-73.818701 40.816178)"
"304022767","04/01/2025","15:30:00","BRONX","OUTSIDE","48","0","STREET","(null)","Y","18-24","M","WHITE HISPANIC","25-44","M","WHITE HISPANIC","1,016,830","249,479","40.851386","-73.882234","POINT (-73.882234 40.851386)"
"300951836","02/11/2025","07:30:00","BROOKLYN","OUTSIDE","83","0","STREET","(null)","Y","25-44","M","WHITE HISPANIC","25-44","F","WHITE HISPANIC","1,008,907","191,957","40.693531","-73.911082","POINT (-73.911082 40.693531)"
"305364725","04/25/2025","23:57:00","MANHATTAN","OUTSIDE","32","0","STREET","(null)","N","(null)","(null)","(null)","25-44","M","BLACK","1,001,179","238,750","40.821982","-73.938833","POINT (-73.938833 40.821982)"
"300131386","01/27/2025","23:15:00","MANHATTAN","OUTSIDE","25","2","HOUSING","MULTI DWELL - PUBLIC HOUS","N","(null)","(null)","(null)","25-44","M","BLACK","1,001,768","234,797","40.811131","-73.936716","POINT (-73.936716 40.811131)"
"301923239","03/01/2025","03:20:00","MANHATTAN","OUTSIDE","9","0","COMMERCIAL","BAR/NIGHT CLUB","Y","25-44","M","WHITE HISPANIC","25-44","M","WHITE HISPANIC","986,120","203,392","40.724951","-73.993251","POINT (-73.993251 40.724951)"
"308408220","06/20/2025","15:57:00","QUEENS","OUTSIDE","100","0","STREET","GROCERY/BODEGA","N","(null)","(null)","(null)","45-64","M","BLACK","1,041,002","155,343","40.592886","-73.795653","POINT (-73.795653 40.592886)"
"305252462","04/23/2025","16:54:00","BRONX","OUTSIDE","50","0","STREET","(null)","Y","<18","M","WHITE HISPANIC","25-44","M","WHITE","1,011,704","255,784","40.868709","-73.900738","POINT (-73.900738 40.868709)"
"306906891","05/23/2025","02:16:00","BROOKLYN","OUTSIDE","75","0","STREET","(null)","N","18-24","M","WHITE HISPANIC","25-44","M","BLACK","1,019,102","188,511","40.684037","-73.874337","POINT (-73.874337 40.684037)"
"303861625","03/29/2025","21:38:00","BRONX","OUTSIDE","40","2","HOUSING","MULTI DWELL - PUBLIC HOUS","N","(null)","(null)","(null)","<18","F","BLACK","1,004,934","235,728","40.81368","-73.925276","POINT (-73.925276 40.81368)"
"303241625","03/19/2025","17:50:00","BROOKLYN","OUTSIDE","84","0","STREET","(null)","N","(null)","(null)","(null)","18-24","M","BLACK","987,098","194,573","40.7007342","-73.98972871","POINT (-73.98972871 40.7007342)"
"303829752","03/28/2025","23:55:00","BRONX","OUTSIDE","44","0","STREET","(null)","Y","25-44","M","BLACK","25-44","M","WHITE HISPANIC","1,004,129","243,241","40.834302","-73.928161","POINT (-73.928161 40.834302)"
"306610276","05/17/2025","21:57:00","BROOKLYN","OUTSIDE","75","0","STREET","(null)","N","18-24","M","WHITE HISPANIC","18-24","F","BLACK","1,014,679","179,606","40.65961","-73.890327","POINT (-73.890327 40.65961)"
"308408221","06/20/2025","19:06:00","QUEENS","OUTSIDE","104","0","STREET","(null)","N","25-44","M","WHITE HISPANIC","25-44","F","WHITE HISPANIC","1,013,701","195,936","0","0","POINT (0 0)"
"308417294","06/20/2025","14:51:00","BRONX","OUTSIDE","46","0","STREET","(null)","N","(null)","(null)","(null)","25-44","M","BLACK","1,011,263","248,425","40.848512","-73.902363","POINT (-73.902363 40.848512)"
"298949943","01/05/2025","07:19:00","BROOKLYN","INSIDE","60","0","DWELLING","MULTI DWELL - APT BUILD","Y","25-44","M","BLACK","25-44","M","BLACK","984,091","149,559","40.577192","-74.000571","POINT (-74.000571 40.577192)"
"308489204","06/22/2025","18:58:00","BROOKLYN","INSIDE","81","0","DWELLING","MULTI DWELL - APT BUILD","N","(null)","(null)","(null)","25-44","M","BLACK","1,003,654","187,147","40.68034","-73.930039","POINT (-73.930039 40.68034)"
"308096531","06/15/2025","04:45:00","BRONX","OUTSIDE","52","0","STREET","(null)","N","(null)","(null)","(null)","18-24","M","WHITE HISPANIC","1,018,056","262,031","40.885834","-73.877738","POINT (-73.877738 40.885834)"
"300131385","01/27/2025","19:16:00","BRONX","OUTSIDE","47","0","STREET","(null)","N","(null)","(null)","(null)","<18","M","BLACK","1,024,745","262,868","40.88809295","-73.85354344","POINT (-73.85354344 40.88809295)"
"307645264","06/05/2025","21:55:00","BRONX","OUTSIDE","42","2","HOUSING","MULTI DWELL - PUBLIC HOUS","N","(null)","(null)","(null)","<18","M","BLACK HISPANIC","1,010,650","240,263","40.826112","-73.904608","POINT (-73.904608 40.826112)"
"302842116","03/14/2025","15:50:00","BROOKLYN","OUTSIDE","76","1","TRANSIT","(null)","N","18-24","M","BLACK","25-44","M","BLACK","982,688","185,908","40.67696","-74.005629","POINT (-74.005629 40.67696)"
"303036413","03/17/2025","05:16:00","QUEENS","OUTSIDE","111","0","STREET","(null)","N","(null)","(null)","(null)","45-64","M","BLACK","1,052,374","210,962","40.745465","-73.754146","POINT (-73.754146 40.745465)"
"303241626","03/17/2025","15:31:00","MANHATTAN","OUTSIDE","23","2","HOUSING","MULTI DWELL - PUBLIC HOUS","N","45-64","M","WHITE HISPANIC","18-24","M","BLACK","999,998","226,211","40.787568","-73.943131","POINT (-73.943131 40.787568)"
"304703802","04/13/2025","22:29:00","BRONX","OUTSIDE","46","0","STREET","(null)","N","18-24","M","BLACK HISPANIC","25-44","M","WHITE HISPANIC","1,006,648","247,738","40.846641","-73.919043","POINT (-73.919043 40.846641)"
"301679844","02/25/2025","01:02:00","BROOKLYN","OUTSIDE","73","0","STREET","(null)","N","25-44","M","BLACK","25-44","M","BLACK","1,006,601","183,275","40.669706","-73.919429","POINT (-73.919429 40.669706)"
"308064914","06/14/2025","01:58:00","BRONX","OUTSIDE","47","0","STREET","(null)","Y","18-24","M","WHITE HISPANIC","25-44","M","BLACK","1,029,564","259,061","40.877631","-73.836141","POINT (-73.836141 40.877631)"
"304789869","04/15/2025","11:00:00","BRONX","OUTSIDE","50","0","STREET","(null)","N","18-24","M","BLACK HISPANIC","18-24","M","BLACK","1,011,732","257,490","40.873392","-73.900629","POINT (-73.900629 40.873392)"
"305878320","05/05/2025","18:00:00","BRONX","INSIDE","46","0","DWELLING","MULTI DWELL - APT BUILD","N","18-24","M","BLACK","18-24","M","BLACK HISPANIC","1,010,590","250,447","40.854063","-73.904784","POINT (-73.904784 40.854063)"
"298877584","01/04/2025","00:43:00","BROOKLYN","OUTSIDE","75","0","COMMERCIAL","BAR/NIGHT CLUB","N","45-64","M","WHITE HISPANIC","25-44","F","WHITE HISPANIC","1,015,628","186,760","40.679244","-73.886873","POINT (-73.886873 40.679244)"
"304361736","04/07/2025","15:40:00","BRONX","OUTSIDE","48","0","STREET","(null)","N","18-24","M","BLACK","25-44","M","BLACK","1,013,772","246,899","40.84430647","-73.89329933","POINT (-73.89329933 40.84430647)"
"300061442","01/26/2025","04:27:00","BROOKLYN","OUTSIDE","63","0","STREET","BAR/NIGHT CLUB","N","(null)","(null)","(null)","25-44","F","BLACK","1,006,666","171,739","40.638041","-73.919232","POINT (-73.919232 40.638041)"
"303898920","03/30/2025","22:50:00","BROOKLYN","INSIDE","75","0","DWELLING","MULTI DWELL - APT BUILD","Y","(null)","(null)","(null)","65+","M","BLACK","1,014,285","185,709","40.676364","-73.891718","POINT (-73.891718 40.676364)"
"307731891","06/08/2025","06:35:00","BROOKLYN","OUTSIDE","63","0","STREET","(null)","N","45-64","M","BLACK","45-64","M","BLACK","1,006,149","166,607","40.623957","-73.921111","POINT (-73.921111 40.623957)"
"307581457","06/04/2025","21:15:00","MANHATTAN","OUTSIDE","10","2","HOUSING","MULTI DWELL - PUBLIC HOUS","Y","(null)","(null)","(null)","18-24","M","BLACK","982,756","210,139","40.74347","-74.005392","POINT (-74.005392 40.74347)"
"305163494","04/22/2025","22:27:00","MANHATTAN","OUTSIDE","28","0","STREET","(null)","N","25-44","M","BLACK","18-24","M","BLACK","997,853","230,889","40.800413","-73.950866","POINT (-73.950866 40.800413)"
"299453928","01/14/2025","19:06:00","BROOKLYN","OUTSIDE","81","0","STREET","(null)","N","(null)","(null)","(null)","<18","M","BLACK","1,003,654","187,147","40.68034","-73.930039","POINT (-73.930039 40.68034)"
"308535721","06/23/2025","21:06:00","BRONX","OUTSIDE","45","0","PLAYGROUND","(null)","N","(null)","(null)","(null)","18-24","M","BLACK","1,032,091","241,976","0","0","POINT (0 0)"
"304555922","04/10/2025","20:15:00","BROOKLYN","OUTSIDE","73","2","HOUSING","MULTI DWELL - PUBLIC HOUS","N","25-44","M","BLACK","18-24","M","BLACK","1,010,830","181,517","40.664869","-73.904191","POINT (-73.904191 40.664869)"
"305252462","04/23/2025","16:54:00","BRONX","OUTSIDE","50","0","STREET","(null)","Y","<18","M","WHITE HISPANIC","25-44","F","WHITE HISPANIC","1,011,704","255,784","40.868709","-73.900738","POINT (-73.900738 40.868709)"
"305570691","04/29/2025","22:03:00","BROOKLYN","OUTSIDE","79","0","HOUSING","MULTI DWELL - PUBLIC HOUS","N","25-44","M","BLACK","25-44","F","BLACK","999,134","190,013","40.688215","-73.946331","POINT (-73.946331 40.688215)"
"298949942","01/03/2025","17:30:00","BRONX","OUTSIDE","44","0","STREET","(null)","Y","25-44","M","BLACK HISPANIC","<18","M","WHITE HISPANIC","1,007,076","246,675","40.843722","-73.917502","POINT (-73.917502 40.843722)"
"306613733","05/18/2025","03:54:00","QUEENS","OUTSIDE","110","0","STREET","(null)","N","25-44","M","BLACK","18-24","F","BLACK","1,016,250","208,615","40.739229","-73.884526","POINT (-73.884526 40.739229)"
"300430000","02/02/2025","01:24:00","BRONX","OUTSIDE","48","0","STREET","(null)","Y","<18","M","WHITE HISPANIC","18-24","M","WHITE HISPANIC","1,011,981","247,838","40.846899","-73.899769","POINT (-73.899769 40.846899)"
"298756517","01/01/2025","05:15:00","BRONX","OUTSIDE","44","0","STREET","(null)","Y","45-64","M","BLACK","45-64","M","BLACK","1,009,255","244,278","40.83712653","-73.90963478","POINT (-73.90963478 40.83712653)"
"301313415","02/18/2025","18:50:00","BRONX","OUTSIDE","42","0","STREET","(null)","N","<18","M","BLACK","25-44","M","BLACK HISPANIC","1,012,541","242,362","40.831867","-73.897769","POINT (-73.897769 40.831867)"
"307746978","06/08/2025","22:09:00","BROOKLYN","OUTSIDE","67","0","STREET","(null)","N","(null)","(null)","(null)","25-44","M","BLACK","998,821","172,641","40.640535","-73.947495","POINT (-73.947495 40.640535)"
"299257997","01/11/2025","03:55:00","QUEENS","OUTSIDE","114","0","STREET","BAR/NIGHT CLUB","N","25-44","M","BLACK","25-44","M","BLACK","1,009,970","220,539","40.771977","-73.90714","POINT (-73.90714 40.771977)"
"303772633","03/27/2025","11:15:00","MANHATTAN","OUTSIDE","25","0","STREET","(null)","N","25-44","M","BLACK","25-44","M","WHITE","1,000,482","230,365","40.79897","-73.941374","POINT (-73.941374 40.79897)"
"306616097","05/18/2025","06:04:00","BROOKLYN","OUTSIDE","88","0","STREET","(null)","N","(null)","(null)","(null)","18-24","M","BLACK","992,137","191,261","40.69164048","-73.97155947","POINT (-73.97155947 40.69164048)"
"300882494","02/10/2025","20:33:00","QUEENS","INSIDE","109","2","HOUSING","MULTI DWELL - PUBLIC HOUS","N","25-44","M","BLACK","25-44","M","BLACK","1,031,364","218,413","40.766054","-73.829917","POINT (-73.829917 40.766054)"
"307729377","06/07/2025","13:20:00","BROOKLYN","OUTSIDE","75","0","DWELLING","PVT HOUSE","N","(null)","(null)","(null)","18-24","F","BLACK","1,017,336","182,789","40.668338","-73.880734","POINT (-73.880734 40.668338)"
"307729376","06/07/2025","21:49:00","BRONX","OUTSIDE","52","0","STREET","(null)","Y","<18","M","WHITE HISPANIC","18-24","M","BLACK","1,012,468","255,375","40.867584","-73.897975","POINT (-73.897975 40.867584)"
"303861626","03/30/2025","02:45:00","BRONX","OUTSIDE","43","0","STREET","(null)","N","(null)","(null)","(null)","25-44","F","BLACK HISPANIC","1,021,853","242,624","40.832551","-73.864117","POINT (-73.864117 40.832551)"
"301609656","02/24/2025","11:30:00","BROOKLYN","INSIDE","83","0","DWELLING","MULTI DWELL - APT BUILD","N","25-44","M","BLACK","45-64","I","BLACK","1,007,046","192,510","40.695051","-73.917793","POINT (-73.917793 40.695051)"
"301878453","02/28/2025","22:23:00","BRONX","INSIDE","42","0","DWELLING","MULTI DWELL - APT BUILD","N","18-24","M","BLACK HISPANIC","25-44","M","WHITE HISPANIC","1,012,019","245,445","40.840331","-73.899641","POINT (-73.899641 40.840331)"
"304611554","04/11/2025","19:32:00","BRONX","OUTSIDE","50","2","HOUSING","MULTI DWELL - PUBLIC HOUS","N","(null)","(null)","(null)","18-24","M","BLACK","1,009,550","258,672","40.876643","-73.908514","POINT (-73.908514 40.876643)"
"300197279","01/28/2025","15:30:00","BROOKLYN","INSIDE","67","0","DWELLING","MULTI DWELL - APT BUILD","Y","(null)","(null)","(null)","<18","M","BLACK","1,004,499","180,655","40.662519","-73.927012","POINT (-73.927012 40.662519)"
"301256132","02/17/2025","18:20:00","BRONX","OUTSIDE","48","0","STREET","(null)","Y","45-64","M","BLACK","45-64","M","WHITE HISPANIC","1,016,327","250,445","40.854039","-73.884046","POINT (-73.884046 40.854039)"
"308800537","06/28/2025","22:00:00","BRONX","OUTSIDE","42","0","STREET","(null)","N","(null)","(null)","(null)","18-24","M","BLACK","1,009,703","242,326","40.83176758","-73.90802316","POINT (-73.90802316 40.83176758)"
"308517351","06/23/2025","15:55:00","BROOKLYN","OUTSIDE","73","0","STREET","(null)","N","(null)","(null)","(null)","18-24","M","BLACK","1,007,588","179,461","40.659233","-73.915885","POINT (-73.915885 40.659233)"
"307682167","06/06/2025","23:07:00","BROOKLYN","OUTSIDE","73","0","STREET","(null)","N","25-44","M","BLACK","18-24","M","BLACK HISPANIC","1,006,321","181,792","40.66562622","-73.920443","POINT (-73.920443 40.66562622)"
"304094455","04/02/2025","21:19:00","BROOKLYN","OUTSIDE","75","0","STREET","(null)","N","18-24","M","BLACK","18-24","M","BLACK","1,022,810","182,671","40.667992","-73.861001","POINT (-73.861001 40.667992)"
"306651416","05/18/2025","18:45:00","BRONX","OUTSIDE","46","0","STREET","(null)","Y","(null)","(null)","(null)","25-44","F","WHITE HISPANIC","1,013,673","252,644","40.860085","-73.89363","POINT (-73.89363 40.860085)"
"306214613","05/10/2025","20:33:00","BRONX","OUTSIDE","40","0","STREET","GROCERY/BODEGA","N","<18","M","WHITE HISPANIC","25-44","F","WHITE HISPANIC","1,005,529","233,942","40.808777","-73.923131","POINT (-73.923131 40.808777)"
"304199342","04/04/2025","14:29:00","MANHATTAN","OUTSIDE","34","0","STREET","(null)","N","18-24","M","BLACK","18-24","M","BLACK HISPANIC","1,005,517","255,164","40.86701515","-73.92310894","POINT (-73.92310894 40.86701515)"
"302972628","03/16/2025","15:41:00","BROOKLYN","OUTSIDE","81","0","STREET","(null)","N","(null)","(null)","(null)","18-24","M","BLACK","1,001,627","189,572","40.687","-73.937344","POINT (-73.937344 40.687)"
"308800536","06/28/2025","19:40:00","BROOKLYN","OUTSIDE","73","0","STREET","(null)","N","(null)","(null)","(null)","25-44","M","BLACK","1,008,749","179,070","40.658159","-73.911702","POINT (-73.911702 40.658159)"
"305570690","04/29/2025","18:11:00","BROOKLYN","OUTSIDE","67","0","STREET","GROCERY/BODEGA","N","(null)","(null)","(null)","25-44","M","WHITE","1,007,040","179,658","40.659776","-73.917857","POINT (-73.917857 40.659776)"
"305163494","04/22/2025","22:27:00","MANHATTAN","OUTSIDE","28","0","STREET","(null)","Y","25-44","M","BLACK","45-64","F","BLACK","997,853","230,889","40.800413","-73.950866","POINT (-73.950866 40.800413)"
"307819260","06/09/2025","20:17:00","BRONX","OUTSIDE","41","0","STREET","(null)","Y","25-44","M","WHITE HISPANIC","25-44","M","WHITE HISPANIC","1,015,842","236,510","40.815794","-73.885866","POINT (-73.885866 40.815794)"
"299470064","01/15/2025","01:00:00","MANHATTAN","OUTSIDE","34","0","STREET","(null)","N","45-64","M","BLACK HISPANIC","25-44","M","WHITE HISPANIC","1,003,614","255,446","40.86779354","-73.92998844","POINT (-73.92998844 40.86779354)"
"302377353","03/10/2025","17:25:00","BROOKLYN","INSIDE","77","2","HOUSING","MULTI DWELL - PUBLIC HOUS","N","<18","M","BLACK","18-24","M","BLACK","1,005,432","185,232","40.675081","-73.923638","POINT (-73.923638 40.675081)"
"308868058","06/30/2025","13:00:00","BROOKLYN","OUTSIDE","73","0","STREET","(null)","N","(null)","(null)","(null)","25-44","M","BLACK","1,007,919","179,199","40.65850488","-73.91469197","POINT (-73.91469197 40.65850488)"
"299996365","01/24/2025","20:20:00","BRONX","OUTSIDE","42","0","STREET","(null)","N","(null)","(null)","(null)","25-44","M","BLACK","1,014,445","240,852","40.827717","-73.890893","POINT (-73.890893 40.827717)"
"302818233","03/14/2025","14:29:00","BRONX","OUTSIDE","40","0","STREET","(null)","N","25-44","M","BLACK","25-44","M","BLACK HISPANIC","1,007,631","235,829","40.813951","-73.915531","POINT (-73.915531 40.813951)"
"308800539","06/29/2025","02:58:00","BROOKLYN","OUTSIDE","73","0","STREET","(null)","Y","(null)","(null)","(null)","25-44","M","BLACK","1,010,272","180,242","40.66137","-73.906206","POINT (-73.906206 40.66137)"
"306062049","05/08/2025","00:25:00","BRONX","OUTSIDE","47","2","HOUSING","MULTI DWELL - PUBLIC HOUS","N","(null)","(null)","(null)","18-24","M","BLACK","1,030,360","261,043","40.883065","-73.833249","POINT (-73.833249 40.883065)"
"305036739","04/20/2025","06:35:00","BRONX","OUTSIDE","44","0","STREET","(null)","N","18-24","M","WHITE HISPANIC","25-44","M","WHITE HISPANIC","1,006,490","244,533","0","0","POINT (0 0)"
"307066945","05/26/2025","17:28:00","BRONX","INSIDE","42","2","HOUSING","(null)","N","18-24","M","BLACK","<18","M","BLACK HISPANIC","1,010,462","243,211","40.834204","-73.905275","POINT (-73.905275 40.834204)"
"305404406","04/26/2025","20:19:00","BROOKLYN","OUTSIDE","81","0","STREET","(null)","N","18-24","M","BLACK","<18","M","BLACK","1,005,156","186,537","40.678662","-73.924629","POINT (-73.924629 40.678662)"
"303829750","03/28/2025","23:50:00","MANHATTAN","OUTSIDE","32","2","HOUSING","MULTI DWELL - APT BUILD","N","18-24","M","BLACK","25-44","M","BLACK HISPANIC","999,874","238,251","40.820614","-73.94355","POINT (-73.94355 40.820614)"
"299329906","01/12/2025","23:00:00","BRONX","INSIDE","43","0","DWELLING","MULTI DWELL - APT BUILD","N","25-44","M","BLACK","25-44","M","BLACK HISPANIC","1,018,624","241,852","40.830446","-73.875789","POINT (-73.875789 40.830446)"
"299382241","01/13/2025","21:15:00","MANHATTAN","OUTSIDE","30","0","STREET","(null)","N","<18","M","BLACK","25-44","M","BLACK HISPANIC","997,512","239,558","40.824207","-73.95208","POINT (-73.95208 40.824207)"
"303861624","03/29/2025","13:21:00","BROOKLYN","OUTSIDE","81","2","HOUSING","MULTI DWELL - PUBLIC HOUS","N","18-24","M","BLACK","18-24","M","BLACK","1,000,876","191,778","40.693058","-73.940046","POINT (-73.940046 40.693058)"
"302312793","03/08/2025","02:40:00","BROOKLYN","OUTSIDE","73","0","STREET","(null)","Y","45-64","M","BLACK","45-64","M","BLACK","1,008,966","186,494","40.678533","-73.910891","POINT (-73.910891 40.678533)"
"301273671","02/18/2025","01:23:00","BROOKLYN","INSIDE","75","2","HOUSING","MULTI DWELL - PUBLIC HOUS","N","25-44","M","BLACK","25-44","M","BLACK","1,015,085","178,381","40.656246","-73.888868","POINT (-73.888868 40.656246)"
"305163492","04/22/2025","22:31:00","BRONX","OUTSIDE","40","0","STREET","(null)","Y","25-44","M","WHITE HISPANIC","25-44","M","WHITE HISPANIC","1,008,227","232,203","40.803995","-73.913394","POINT (-73.913394 40.803995)"
"308204996","06/17/2025","07:40:00","BRONX","OUTSIDE","40","0","STREET","(null)","Y","25-44","M","WHITE HISPANIC","25-44","M","BLACK HISPANIC","1,009,226","235,898","40.814137","-73.909771","POINT (-73.909771 40.814137)"
"304727807","04/14/2025","16:53:00","BRONX","OUTSIDE","46","0","DWELLING","MULTI DWELL - APT BUILD","N","(null)","(null)","(null)","18-24","M","WHITE HISPANIC","1,012,256","250,079","40.853048","-73.898764","POINT (-73.898764 40.853048)"
"300052774","01/25/2025","12:42:00","BRONX","OUTSIDE","46","0","STREET","(null)","N","25-44","M","BLACK HISPANIC","25-44","M","BLACK","1,009,028","247,972","40.847276","-73.910442","POINT (-73.910442 40.847276)"
"303301268","03/20/2025","08:00:00","BROOKLYN","OUTSIDE","83","2","HOUSING","MULTI DWELL - PUBLIC HOUS","N","25-44","M","WHITE HISPANIC","25-44","M","BLACK","1,006,935","193,011","40.696427","-73.918193","POINT (-73.918193 40.696427)"
"308755262","06/27/2025","02:00:00","MANHATTAN","OUTSIDE","26","0","HOUSING","MULTI DWELL - PUBLIC HOUS","N","(null)","(null)","(null)","18-24","M","BLACK HISPANIC","997,083","236,928","40.816989","-73.953638","POINT (-73.953638 40.816989)"
"301942915","03/02/2025","20:38:00","MANHATTAN","OUTSIDE","23","2","HOUSING","MULTI DWELL - PUBLIC HOUS","N","(null)","(null)","(null)","18-24","M","BLACK","1,000,086","229,653","40.797017","-73.942803","POINT (-73.942803 40.797017)"
"299313254","01/12/2025","12:53:00","BROOKLYN","OUTSIDE","67","0","STREET","(null)","Y","(null)","(null)","(null)","25-44","M","BLACK","1,003,536","177,105","40.652778","-73.930494","POINT (-73.930494 40.652778)"
"300295604","01/30/2025","16:45:00","BROOKLYN","OUTSIDE","77","0","STREET","(null)","N","<18","M","BLACK","<18","M","BLACK","1,001,187","184,894","40.674162","-73.938939","POINT (-73.938939 40.674162)"
"306153155","05/09/2025","15:36:00","BROOKLYN","OUTSIDE","60","0","STREET","(null)","N","18-24","F","BLACK","25-44","M","BLACK","983,502","149,473","40.576955","-74.002693","POINT (-74.002693 40.576955)"
"305163494","04/22/2025","22:27:00","MANHATTAN","OUTSIDE","28","0","STREET","(null)","Y","25-44","M","BLACK","18-24","M","BLACK","997,853","230,889","40.800413","-73.950866","POINT (-73.950866 40.800413)"
"305709030","05/01/2025","14:47:00","BROOKLYN","OUTSIDE","67","0","STREET","(null)","N","25-44","M","BLACK","45-64","M","BLACK","1,004,662","176,596","40.651379","-73.926438","POINT (-73.926438 40.651379)"
"308455132","06/21/2025","19:17:00","BROOKLYN","OUTSIDE","83","0","STREET","(null)","N","(null)","(null)","(null)","<18","M","BLACK","1,009,575","187,723","40.681907","-73.90869","POINT (-73.90869 40.681907)"
"301256131","02/17/2025","22:54:00","QUEENS","OUTSIDE","114","2","HOUSING","MULTI DWELL - PUBLIC HOUS","N","(null)","(null)","(null)","<18","M","BLACK","1,002,126","215,903","40.759272","-73.935472","POINT (-73.935472 40.759272)"
"300412113","02/01/2025","05:05:00","QUEENS","OUTSIDE","104","0","STREET","(null)","N","25-44","M","BLACK HISPANIC","25-44","M","BLACK HISPANIC","1,008,052","197,914","40.709882","-73.914147","POINT (-73.914147 40.709882)"
"305034045","04/19/2025","21:02:00","BRONX","OUTSIDE","45","0","STREET","(null)","N","(null)","(null)","(null)","25-44","M","BLACK","1,024,971","246,267","40.842537","-73.852825","POINT (-73.852825 40.842537)"
"306501157","05/15/2025","16:47:00","QUEENS","OUTSIDE","110","0","STREET","(null)","N","25-44","M","WHITE HISPANIC","<18","M","WHITE HISPANIC","1,025,345","208,789","40.739667","-73.851703","POINT (-73.851703 40.739667)"
